類型代號,基金統編,基金名稱,手續費_累積金額,手續費_比率,交易稅_累積金額,交易稅_比率,股票ETF及指數型基金申購/買回交易費_累積金額,股票ETF及指數型基金申購/買回交易費_比率,經理費_累積金額,經理費_比率,保管費_累積金額,保管費_比率,保證費_累積金額,保證費_比率,其他項費用_累積金額,其他項費用_比率,合計_累積金額,合計_比率
AA1,965469,兆豐第一基金,139322,0.06%,252041,0.11%,0,0.00%,2259073,1.00%,225914,0.10%,0,0.00%,123398,0.05%,2999748,1.33%
AA1,1050148,兆豐國民基金 ((基金之配息來源可能為收益平準金)),3300924,0.30%,5070416,0.46%,0,0.00%,10870507,0.99%,1247099,0.11%,0,0.00%,139600,0.01%,20628546,1.87%
AA2,992769,兆豐全球基金,3511192,0.22%,18954,0.00%,0,0.00%,16262776,1.00%,2818886,0.17%,0,0.00%,141402,0.01%,22753210,1.40%
AB1,971976,兆豐萬全基金,552765,0.10%,903959,0.16%,0,0.00%,4640080,0.80%,464654,0.08%,0,0.00%,131322,0.02%,6692780,1.15%
AA1,73991751,兆豐電子基金,4247936,0.31%,6523003,0.48%,0,0.00%,13528785,1.00%,1443072,0.11%,0,0.00%,73408,0.01%,25816204,1.91%
AD1,18044796,兆豐寶鑽貨幣市場基金,0,0.00%,0,0.00%,0,0.00%,65990235,0.08%,23155091,0.03%,0,0.00%,1814108,0.00%,90959434,0.11%
AA2,14699772,兆豐生命科學基金,80506,0.04%,959,0.00%,0,0.00%,2282845,1.13%,349144,0.17%,0,0.00%,89538,0.04%,2802992,1.39%
AA1,10341837,兆豐豐台灣基金,4218140,0.44%,6466993,0.68%,0,0.00%,10129847,1.07%,949676,0.10%,0,0.00%,73378,0.01%,21838034,2.30%
AD2,38522710,兆豐人民幣貨幣市場基金,0,0.00%,0,0.00%,0,0.00%,1109303,0.26%,305062,0.07%,0,0.00%,93991,0.02%,1508356,0.36%
AA2,38592074,兆豐中國A股基金,3426968,0.09%,1589949,0.04%,0,0.00%,52760804,1.33%,6858901,0.17%,0,0.00%,351064,0.01%,64987686,1.64%
AD2,42406642,兆豐美元貨幣市場基金,0,0.00%,0,0.00%,0,0.00%,484047,0.10%,225879,0.05%,0,0.00%,88450,0.02%,798376,0.16%
AH11,42482107,兆豐臺灣藍籌30ETF基金,1893259,0.04%,2707691,0.05%,1618482,0.03%,11042084,0.21%,1207725,0.02%,0,0.00%,1512194,0.03%,16744471,0.32%
AA2,76303709,兆豐中國內需A股基金,4589552,0.32%,2053702,0.14%,0,0.00%,19327306,1.33%,2512551,0.17%,0,0.00%,304398,0.02%,28787509,1.98%
AA1,88090408,兆豐台灣先進通訊基金,1700609,0.30%,2626910,0.46%,0,0.00%,6062998,1.07%,568409,0.10%,0,0.00%,80212,0.01%,11039138,1.94%
AC23,88119427,兆豐新興市場短期非投資等級債券基金 (本基金之配息來源可能為本金),4536,0.00%,0,0.00%,0,0.00%,5176594,1.13%,791719,0.17%,0,0.00%,83864,0.02%,6056713,1.32%
AA1,88198077,兆豐台灣金傳精選股息基金,192395,0.07%,412877,0.15%,0,0.00%,2842856,1.07%,266526,0.10%,0,0.00%,80162,0.03%,3794816,1.42%
AA2,88277760,兆豐全球元宇宙科技基金,515381,0.09%,223758,0.04%,0,0.00%,7848455,1.33%,1098784,0.19%,0,0.00%,82906,0.01%,9769284,1.66%
AH21,88317812,兆豐洲際半導體ETF基金,1423500,0.14%,5938,0.00%,1080254,0.10%,5844889,0.57%,1375258,0.13%,0,0.00%,761324,0.07%,8330655,0.81%
AH11,88321560,兆豐特選台灣晶圓製造ETF基金,3185773,0.26%,1645349,0.14%,2848619,0.24%,3625911,0.30%,318454,0.03%,0,0.00%,678612,0.06%,6605480,0.55%
AG,88342220,兆豐新加坡交易所房地產收益基金 (本基金之配息來源可能為本金),211533,0.19%,57810,0.05%,0,0.00%,1301164,1.16%,193524,0.17%,0,0.00%,111462,0.10%,1875493,1.68%
AH11,88351249,兆豐台灣產業龍頭存股等權重ETF基金 (本基金之配息來源可能為收益平準金),2176011,0.16%,4534466,0.33%,3506051,0.25%,4178934,0.30%,371456,0.03%,0,0.00%,866567,0.06%,8621383,0.62%
AJ2,88394063,兆豐日本優勢多重資產基金 (本基金之配息來源可能為本金),1985882,0.27%,21217,0.00%,0,0.00%,8768036,1.20%,1266487,0.17%,0,0.00%,132691,0.02%,12174313,1.66%
AH11,93111473,兆豐台灣ESG永續高股息等權重 ETF 基金 (基金之配息來源可能為收益平準金且本基金並無保證收益及配息),5604013,0.20%,11839856,0.43%,8962413,0.32%,8326342,0.30%,740123,0.03%,0,0.00%,1199163,0.04%,18747084,0.67%
AE22,93150643,兆豐全球債券ETF策略收益組合基金 (本基金之配息來源可能為本金),287632,0.09%,1736,0.00%,0,0.00%,2035750,0.63%,300005,0.09%,0,0.00%,80037,0.02%,2705160,0.84%
AJ2,93106751,兆豐收益增長多重資產基金 (本基金之配息來源可能為本金),1346121,0.07%,61535,0.00%,0,0.00%,24288429,1.20%,3238458,0.16%,0,0.00%,81972,0.00%,29016515,1.43%
AH11,93211796,兆豐台灣電子成長高息等權重ETF基金 (基金之配息來源可能為收益平準金且本基金並無保證收益及配息),1222139,0.15%,2100670,0.26%,730511,0.09%,2388100,0.30%,212275,0.03%,0,0.00%,564875,0.07%,5757548,0.72%
AH22,512527,兆豐美國企業優選投資級公司債ETF基金 (基金之配息來源可能為收益平準金),0,0.00%,0,0.00%,0,0.00%,5945344,0.20%,1981781,0.07%,0,0.00%,1312540,0.04%,9239665,0.31%
AJ2,526748,兆豐ESG台美永續雙盈多重資產基金 (本基金有相當比重投資於非投資等級之高風險債券且配息來源可能為本金),567379,0.10%,534151,0.10%,0,0.00%,6318636,1.13%,966379,0.17%,0,0.00%,86623,0.02%,8473168,1.52%
AJ2,586132,兆豐全球尖端科技多重資產基金 (本基金之配息來源可能為本金),1629133,0.31%,30012,0.01%,0,0.00%,6246450,1.20%,902270,0.17%,0,0.00%,82285,0.02%,8890150,1.71%
AE23,645809,兆豐雙動能組合基金 (本基金有相當比重投資於非投資等級之高風險債券基金),4407509,0.32%,462133,0.03%,0,0.00%,9144781,0.66%,1282239,0.09%,0,0.00%,85037,0.01%,15381699,1.12%
AH26,608234,兆豐台美動能股債平衡ETF基金 (基金之配息來源可能為收益平準金),621872,0.19%,1473404,0.45%,1545270,0.48%,1732687,0.53%,389856,0.12%,0,0.00%,598063,0.18%,3270612,1.01%
AL11,661960,兆豐台灣豐收主動式 ETF基金 (基金之配息來源可能為收益平準金),9974814,0.24%,10762228,0.26%,0,0.00%,15149442,0.37%,757473,0.02%,0,0.00%,247667,0.01%,36891624,0.90%
AJ2,681895,兆豐美國戰略智造多重資產基金 (本基金有相當比重投資於非投資等級之高風險債券且配息來源可能為本金),1035112,0.04%,0,0.00%,0,0.00%,7978380,0.32%,1152433,0.05%,0,0.00%,47201,0.00%,10213126,0.40%
AD1,1032249,第一金全家福貨幣市場基金,0,0.00%,0,0.00%,0,0.00%,10259439,0.05%,8793806,0.04%,0,0.00%,647805,0.00%,19701050,0.09%
AD1,20081472,第一金台灣貨幣市場基金,0,0.00%,0,0.00%,0,0.00%,23281123,0.03%,18624893,0.03%,0,0.00%,2074816,0.00%,43980832,0.06%
AA1,20092528,第一金店頭市場基金,423918,0.07%,867041,0.14%,0,0.00%,6821791,1.07%,639543,0.10%,0,0.00%,126903,0.02%,8879196,1.39%
AA1,73989002,第一金小型精選基金,1468699,0.09%,2349703,0.14%,0,0.00%,17513325,1.06%,1645423,0.10%,0,0.00%,126888,0.01%,23104038,1.40%
AA1,19341318,第一金電子基金,15746941,0.34%,26243911,0.57%,0,0.00%,48964007,1.07%,4590370,0.10%,0,0.00%,127038,0.00%,95672267,2.08%
AA2,17612378,第一金亞洲科技基金,2823862,0.20%,1158474,0.08%,0,0.00%,16349526,1.17%,2429076,0.17%,0,0.00%,142046,0.01%,22902984,1.63%
AB1,99353151,第一金中概平衡基金,1174994,0.15%,2002039,0.26%,0,0.00%,6250390,0.80%,625041,0.08%,0,0.00%,127178,0.02%,10179642,1.30%
AG,48892846,第一金全球不動產證券化基金 (本基金之配息來源可能為本金或收益平準金),179369,0.16%,23092,0.02%,0,0.00%,1288587,1.17%,169355,0.15%,0,0.00%,128161,0.12%,1788564,1.62%
AA2,10338642,第一金全球大趨勢基金,2327152,0.11%,125991,0.01%,0,0.00%,20256069,0.94%,3436019,0.16%,0,0.00%,139725,0.01%,26284956,1.22%
AC23,25593418,第一金全球非投資等級債券基金 (本基金之配息來源可能為本金),0,0.00%,0,0.00%,0,0.00%,18717227,1.00%,2128505,0.11%,0,0.00%,142593,0.01%,20988325,1.12%
AA2,25620512,第一金中國世紀基金,1746808,0.19%,947851,0.10%,0,0.00%,10962922,1.20%,1522699,0.17%,0,0.00%,203565,0.02%,15383845,1.68%
AA2,25652648,第一金亞洲新興市場基金,73913,0.02%,45304,0.01%,0,0.00%,3975131,1.23%,558667,0.17%,0,0.00%,226525,0.07%,4879540,1.51%
AA1,26202396,第一金創新趨勢基金,10488808,0.23%,16994957,0.37%,0,0.00%,48417281,1.06%,4851288,0.11%,0,0.00%,127183,0.00%,80879517,1.78%
AA2,42399017,第一金全球AI機器人及自動化產業基金,765842,0.02%,109351,0.00%,0,0.00%,53083087,1.33%,6900782,0.17%,0,0.00%,114953,0.00%,60974015,1.53%
AA2,42455621,第一金全球AI FinTech金融科技基金,463551,0.07%,19948,0.00%,0,0.00%,8677097,1.33%,1128010,0.17%,0,0.00%,141621,0.02%,10430227,1.60%
AA2,42539761,第一金全球水電瓦斯及基礎建設收益基金 (本基金之配息來源可能為本金),21641339,0.17%,8065306,0.06%,0,0.00%,144996411,1.13%,22244985,0.17%,0,0.00%,253463,0.00%,197201504,1.53%
AH11,72949242,第一金臺灣工業菁英30 ETF基金 (本基金配息來源可能為收益平準金),720176,0.03%,1513114,0.07%,1237229,0.06%,5694319,0.27%,498259,0.02%,0,0.00%,955633,0.04%,8144272,0.38%
AA2,72960196,第一金全球AI精準醫療基金,3197643,0.14%,878058,0.04%,0,0.00%,29571048,1.33%,4139941,0.19%,0,0.00%,150702,0.01%,37937392,1.71%
AA2,73723123,第一金全球AI人工智慧基金,5433993,0.11%,966525,0.02%,0,0.00%,63569684,1.32%,8680282,0.18%,0,0.00%,222870,0.00%,78873354,1.63%
AH22,75970725,第一金彭博美國10年期以上金融債券指數ETF基金,0,0.00%,0,0.00%,0,0.00%,1057121,0.13%,792855,0.10%,0,0.00%,575094,0.07%,2425070,0.31%
AC21,76305220,第一金美國100大企業債券基金 (本基金有一定比重得投資於非投資等級之高風險債券且配息來源可能為本金),0,0.00%,0,0.00%,0,0.00%,34421044,0.62%,7426129,0.13%,0,0.00%,153077,0.00%,42000250,0.75%
AC21,76348683,第一金全球富裕國家債券基金 (本基金有一定比重得投資於非投資等級之高風險債券且配息來源可能為本金),0,0.00%,0,0.00%,0,0.00%,3376098,0.74%,760806,0.17%,0,0.00%,113492,0.02%,4250396,0.93%
AA2,88101307,第一金全球Fitness健康瘦身基金,283563,0.15%,90026,0.05%,0,0.00%,2197796,1.20%,329654,0.18%,0,0.00%,114361,0.06%,3015400,1.64%
AA2,88101334,第一金全球eSports電競基金,999811,0.10%,138674,0.01%,0,0.00%,11887667,1.20%,1786109,0.18%,0,0.00%,114407,0.01%,14926668,1.50%
AC21,88132717,第一金四至六年機動到期全球富裕國家投資級債券基金 (本基金有一定比重得投資於非投資等級之高風險債券且配息來源可能為本金),0,0.00%,0,0.00%,0,0.00%,2514822,0.33%,603558,0.08%,0,0.00%,111837,0.01%,3230217,0.43%
AA1,88271077,第一金台灣核心戰略建設基金 (本基金配息來源可能為本金),6597339,0.48%,10115484,0.73%,0,0.00%,14705190,1.07%,1378603,0.10%,0,0.00%,112340,0.01%,32908956,2.38%
AH21,88316551,第一金太空衛星ETF基金,14499566,0.23%,3203298,0.05%,12206914,0.19%,37971063,0.60%,9703725,0.15%,0,0.00%,2929577,0.05%,56100315,0.89%
AJ2,93153352,第一金全球永續影響力投資多重資產基金 (本基金有一定比重得投資於非投資等級之高風險債券且配息來源可能為本金或收益平準金),108609,0.06%,25728,0.01%,0,0.00%,2279139,1.20%,329189,0.17%,0,0.00%,140257,0.07%,2882922,1.52%
AA2,508930,第一金量化日本基金,8250825,0.73%,0,0.00%,0,0.00%,11709828,1.03%,1510950,0.13%,0,0.00%,114655,0.01%,21586258,1.90%
AH22,568520,第一金美元優選收益非投資等級債券ETF基金 (本基金之配息來源可能為收益平準金),0,0.00%,0,0.00%,0,0.00%,24710877,0.20%,4942166,0.04%,0,0.00%,3583229,0.03%,33236272,0.27%
AL11,650540,第一金台股趨勢優選主動式ETF基金 (本基金配息來源可能為收益平準金),18335147,0.55%,25530902,0.77%,10379857,0.31%,15527348,0.47%,776362,0.02%,0,0.00%,311987,0.01%,50101889,1.50%
AL11,685061,第一金台股趨勢優股息主動式ETF基金 (本基金並無保證收益及配息且配息來源可能為收益平準金),3241234,0.19%,3382256,0.20%,1584297,0.10%,1950194,0.12%,91005,0.01%,0,0.00%,132109,0.01%,7212501,0.43%
AB1,971080,匯豐安富基金,1205370,0.07%,2276901,0.14%,0,0.00%,12863827,0.80%,1875977,0.12%,0,0.00%,159318,0.01%,18381393,1.14%
AA1,76941376,匯豐成功基金,112599,0.02%,265251,0.05%,0,0.00%,2419274,0.47%,483854,0.09%,0,0.00%,126843,0.02%,3407821,0.66%
AA1,1031298,匯豐龍鳳基金,5669756,0.10%,10400327,0.19%,0,0.00%,44164118,0.80%,4427472,0.08%,0,0.00%,126863,0.00%,64788536,1.17%
AA1,92017794,匯豐龍騰電子基金,6996843,0.22%,11835041,0.37%,0,0.00%,25503599,0.80%,3187945,0.10%,0,0.00%,126878,0.00%,47650306,1.49%
AA1,73987671,匯豐台灣精典基金 (本基金配息來源可能為本金),1907822,0.09%,3537871,0.17%,0,0.00%,20625318,1.00%,1787769,0.09%,0,0.00%,126908,0.01%,27985688,1.35%
AA2,48686374,匯豐金磚動力基金,675615,0.08%,456273,0.05%,0,0.00%,11182435,1.33%,1789200,0.21%,0,0.00%,445695,0.05%,14549218,1.73%
AA2,48784327,匯豐新鑽動力基金,418704,0.06%,483809,0.07%,0,0.00%,9524843,1.33%,1523978,0.21%,0,0.00%,321113,0.04%,12272447,1.72%
AE21,48865209,匯豐全球趨勢組合基金,25093,0.01%,846,0.00%,0,0.00%,3567295,0.80%,386462,0.09%,0,0.00%,139785,0.03%,4119481,0.92%
AA2,48925001,匯豐全球關鍵資源基金,876910,0.08%,37906,0.00%,0,0.00%,12861811,1.20%,1929267,0.18%,0,0.00%,210920,0.02%,15916814,1.48%
AA2,25500903,匯豐中國動力基金,1136324,0.19%,612190,0.10%,0,0.00%,7051202,1.20%,979336,0.17%,0,0.00%,384519,0.07%,10163571,1.73%
AC21,25695077,匯豐資源豐富國家收益基金 (本基金有一定比重投資於非投資等級之高風險債券且配息來源可能為本金),0,0.00%,0,0.00%,0,0.00%,7182579,0.80%,1496372,0.17%,0,0.00%,154678,0.02%,8833629,0.98%
AA2,38482745,匯豐中國A股匯聚基金,9338481,0.40%,2457917,0.11%,0,0.00%,27820833,1.20%,4018559,0.17%,0,0.00%,556298,0.02%,44192088,1.90%
AE23,88183314,匯豐ESG永續多元資產組合基金 (本基金有相當比重投資於非投資等級之高風險債券基金且本基金配息來源可能為本金及收益平準金),121993,0.03%,0,0.00%,0,0.00%,3546429,0.80%,413754,0.09%,0,0.00%,159835,0.04%,4242011,0.96%
AA2,88393254,匯豐全球基礎建設收益基金 (本基金配息來源可能為本金及收益平準金),140589,0.02%,246511,0.04%,0,0.00%,6932078,1.20%,1001293,0.17%,0,0.00%,171950,0.03%,8492421,1.47%
AJ2,93218643,匯豐超核心多重資產基金 (本基金有一定比重投資於非投資等級之高風險債券),489034,0.03%,213487,0.01%,0,0.00%,21628911,1.18%,3124163,0.17%,0,0.00%,169888,0.01%,25625483,1.40%
AJ2,510387,匯豐超核心優化多重資產基金 (本基金有相當比重投資於非投資等級之高風險債券且本基金配息來源可能為本金及收益平準金),444387,0.06%,53717,0.01%,0,0.00%,8334220,1.19%,1250125,0.18%,0,0.00%,154660,0.02%,10237109,1.46%
AJ2,682557,匯豐AI人型機器人多重資產基金 (本基金有相當比重投資於非投資等級之高風險債券且本基金配息來源可能為本金),1458266,0.04%,162826,0.00%,0,0.00%,8735642,0.24%,1261811,0.03%,0,0.00%,44772,0.00%,11663317,0.32%
AA1,974066,元大2001基金,10303256,0.15%,18537084,0.26%,0,0.00%,56136106,0.80%,9356015,0.13%,0,0.00%,186809,0.00%,94519270,1.35%
AA1,1032058,元大多福基金,8232562,0.09%,14617000,0.16%,0,0.00%,90828851,1.00%,9082884,0.10%,0,0.00%,243555,0.00%,123004852,1.35%
AA1,92001765,元大多多基金,53518886,0.69%,84088681,1.08%,0,0.00%,90652226,1.17%,7770194,0.10%,0,0.00%,196728,0.00%,236226715,3.04%
AD1,92017204,元大得利貨幣市場基金,0,0.00%,0,0.00%,0,0.00%,18847810,0.05%,8077637,0.02%,0,0.00%,1178340,0.00%,28103787,0.07%
AA1,92026219,元大卓越基金,15658977,0.13%,25412314,0.20%,0,0.00%,133352832,1.07%,10001459,0.08%,0,0.00%,175278,0.00%,184600860,1.47%
AA1,20080023,元大店頭基金,2940569,0.16%,5063103,0.28%,0,0.00%,19540452,1.07%,1831917,0.10%,0,0.00%,163717,0.01%,29539758,1.61%
AD1,20081331,元大萬泰貨幣市場基金,0,0.00%,0,0.00%,0,0.00%,14683669,0.05%,6817423,0.02%,0,0.00%,1174477,0.00%,22675569,0.07%
AA1,81584335,元大高科技基金,83445811,0.61%,135603446,0.99%,0,0.00%,145572142,1.07%,13647401,0.10%,0,0.00%,210014,0.00%,378478814,2.77%
AA1,83863951,元大經貿基金,20951747,0.54%,33505050,0.86%,0,0.00%,41409221,1.07%,3882119,0.10%,0,0.00%,163577,0.00%,99911714,2.57%
AA1,17139204,元大新主流基金,131403655,0.78%,194806453,1.16%,0,0.00%,179530153,1.07%,16830954,0.10%,0,0.00%,186649,0.00%,522757864,3.10%
AD1,13530495,元大得寶貨幣市場基金,0,0.00%,0,0.00%,0,0.00%,9355528,0.05%,4009503,0.02%,0,0.00%,981427,0.00%,14346458,0.07%
AH11,98764389,元大台灣卓越50基金,98227857,0.01%,263817131,0.02%,0,0.00%,869493390,0.05%,318239849,0.02%,0,0.00%,516571364,0.03%,2066349591,0.12%
AI1,99346928,元大台灣加權股價指數基金,8243562,0.05%,13614988,0.08%,0,0.00%,70643854,0.40%,11773950,0.07%,0,0.00%,2452457,0.01%,106728811,0.60%
AE23,99967974,元大全球ETF穩健組合基金,872498,0.05%,33624,0.00%,0,0.00%,11680152,0.66%,1654203,0.09%,0,0.00%,186434,0.01%,14426911,0.81%
AG,21718388,元大全球不動產證券化基金 (基金之配息來源可能為本金),1484733,0.10%,27765,0.00%,0,0.00%,17945907,1.20%,2492496,0.17%,0,0.00%,197659,0.01%,22148560,1.48%
AA2,48708243,元大亞太成長基金,1357009,0.13%,435660,0.04%,0,0.00%,12528389,1.20%,1809661,0.17%,0,0.00%,174197,0.02%,16304916,1.56%
AE21,48760113,元大全球新興市場精選組合基金,241612,0.05%,0,0.00%,0,0.00%,3838517,0.80%,415834,0.09%,0,0.00%,156044,0.03%,4652007,0.97%
AH11,48772770,元大台灣中型100基金,2327709,0.08%,3956151,0.13%,0,0.00%,8051010,0.27%,704454,0.02%,0,0.00%,1484363,0.05%,16523687,0.55%
AE21,48789815,元大全球ETF成長組合基金,2760107,0.15%,0,0.00%,0,0.00%,14270512,0.80%,1664888,0.09%,0,0.00%,170032,0.01%,18865539,1.06%
AG,48885346,元大全球地產建設入息基金 (本基金之配息來源可能為本金且並無保證收益及配息),441278,0.09%,8447,0.00%,0,0.00%,5543840,1.17%,791992,0.17%,0,0.00%,181186,0.04%,6966743,1.46%
AH11,48903175,元大台灣金融基金,227538,0.01%,253300,0.01%,0,0.00%,8162108,0.27%,714182,0.02%,0,0.00%,1602084,0.05%,10959212,0.36%
AH11,48903196,元大台灣電子科技基金,1353807,0.12%,819986,0.08%,1063126,0.10%,2160267,0.20%,253069,0.02%,0,0.00%,632091,0.06%,4156094,0.38%
AH11,48966213,元大台灣高股息基金 (本基金之配息來源可能為收益平準金且並無保證收益及配息),344204578,0.06%,629927635,0.10%,0,0.00%,1241507057,0.20%,144842486,0.02%,0,0.00%,214913164,0.03%,2575394920,0.41%
AA2,10348058,元大全球農業商機基金,429733,0.11%,4781,0.00%,0,0.00%,4875621,1.23%,711585,0.18%,0,0.00%,142378,0.04%,6164098,1.56%
AA2,25520400,元大新中國基金,626230,0.08%,415122,0.05%,0,0.00%,9541514,1.19%,1388557,0.17%,0,0.00%,180446,0.02%,12151869,1.51%
AI2,25591306,元大大中華價值指數基金,97579,0.02%,42543,0.01%,0,0.00%,3509861,0.67%,561581,0.11%,0,0.00%,617727,0.12%,4829291,0.92%
AH21,25610486,元大標智滬深300基金,686224,0.03%,8707,0.00%,1127416,0.04%,5182441,0.20%,1727467,0.07%,0,0.00%,376113,0.01%,6853536,0.26%
AA2,25622390,元大印度基金,193669,0.04%,26697,0.01%,0,0.00%,5336263,1.20%,830093,0.19%,0,0.00%,520248,0.12%,6906970,1.55%
AA2,25643156,元大新興亞洲基金,1604991,0.18%,552598,0.06%,0,0.00%,11977797,1.33%,1676890,0.19%,0,0.00%,356509,0.04%,16168785,1.80%
AI2,26203846,元大印尼指數基金,218010,0.13%,69590,0.04%,0,0.00%,1431377,0.83%,183236,0.11%,0,0.00%,315692,0.18%,2217905,1.29%
AI2,26203851,元大巴西指數基金,58205,0.04%,19290,0.01%,0,0.00%,1285441,0.83%,205671,0.13%,0,0.00%,270306,0.17%,1838913,1.19%
AH11,26282102,元大富櫃50基金,707787,0.09%,774955,0.10%,1178015,0.16%,1998449,0.27%,174867,0.02%,0,0.00%,373722,0.05%,2851765,0.38%
AH11,26306553,元大摩臺基金,162926,0.01%,276301,0.02%,0,0.00%,3326347,0.20%,388076,0.02%,0,0.00%,848820,0.05%,5002470,0.30%
AH21,31830488,元大上證50基金,551705,0.05%,8758,0.00%,981548,0.09%,7469796,0.66%,754525,0.07%,0,0.00%,980712,0.09%,8783948,0.78%
AD2,38546966,元大人民幣貨幣市場基金,0,0.00%,0,0.00%,0,0.00%,1040227,0.20%,346737,0.07%,0,0.00%,157187,0.03%,1544151,0.30%
AH13,38619904,元大台灣50單日正向2倍基金 (本基金為策略交易型產品且投資具有槓桿操作風險，故本基金不適合長期持有，僅符合臺灣證券交易所訂適格條件之投資人始得交易),122834196,0.09%,88821779,0.06%,47350338,0.03%,946008916,0.67%,37840351,0.03%,0,0.00%,50878824,0.04%,1199033728,0.84%
AH13,38619910,元大台灣50單日反向1倍基金 (本基金為策略交易型產品且投資具有反向操作風險，故本基金不適合長期持有，僅符合臺灣證券交易所訂適格條件之投資人始得交易),3167606,0.01%,10448856,0.04%,8601486,0.03%,177209167,0.67%,7088368,0.03%,0,0.00%,7463295,0.03%,196775806,0.74%
AA2,38639090,元大大中華TMT基金,871972,0.13%,577863,0.08%,0,0.00%,8165549,1.20%,1179469,0.17%,0,0.00%,418659,0.06%,11213512,1.65%
AH23,42300232,元大滬深300單日反向1倍基金 (本基金為策略交易型產品且投資具有反向操作風險，故本基金不適合長期持有，僅符合臺灣證券交易所訂適格條件之投資人始得交易),444878,0.24%,0,0.00%,21520,0.01%,1221721,0.66%,259163,0.14%,0,0.00%,225398,0.12%,2129640,1.15%
AH23,42300253,元大滬深300單日正向2倍基金 (本基金為策略交易型產品且投資具有槓桿操作風險，故本基金不適合長期持有，僅符合臺灣證券交易所訂適格條件之投資人始得交易),81499851,0.44%,53938,0.00%,22638265,0.12%,121390535,0.65%,28548108,0.15%,0,0.00%,4662141,0.03%,213516308,1.15%
AA2,42307684,元大全球股票入息基金 (本基金之配息來源可能為本金且並無保證收益及配息),460041,0.06%,43198,0.01%,0,0.00%,9364573,1.20%,1352663,0.17%,0,0.00%,167930,0.02%,11388405,1.46%
AC21,42321314,元大新興印尼機會債券基金 (本基金有相當比重投資於非投資等級之高風險債券且基金之配息來源可能為本金),0,0.00%,0,0.00%,0,0.00%,2512401,0.67%,628100,0.17%,0,0.00%,164049,0.04%,3304550,0.88%
AH23,42333563,元大標普500單日反向1倍基金 (本基金為策略交易型產品且投資具有反向操作風險，故本基金不適合長期持有，僅符合臺灣證券交易所訂適格條件之投資人始得交易),34447,0.01%,0,0.00%,29115,0.00%,4135928,0.66%,751996,0.12%,0,0.00%,773685,0.12%,5666941,0.90%
AH23,42333579,元大標普500單日正向2倍基金 (本基金為策略交易型產品且投資具有槓桿操作風險，故本基金不適合長期持有，僅符合臺灣證券交易所訂適格條件之投資人始得交易),75564,0.01%,0,0.00%,85474,0.01%,5500537,0.66%,1000112,0.12%,0,0.00%,783912,0.09%,7274651,0.87%
AH21,42333613,元大標普500基金,3644686,0.01%,1621,0.00%,10754365,0.03%,78113847,0.20%,15622775,0.04%,0,0.00%,13561865,0.03%,100190429,0.26%
AD2,42381754,元大美元貨幣市場基金,0,0.00%,0,0.00%,0,0.00%,1169966,0.10%,545982,0.05%,0,0.00%,165227,0.01%,1881175,0.16%
AH21,42398663,元大日經225基金,317474,0.02%,0,0.00%,692088,0.04%,5844296,0.31%,2491784,0.13%,0,0.00%,1112345,0.06%,9073811,0.48%
AH21,42398684,元大歐洲50基金,47711,0.01%,20164,0.01%,65567,0.02%,1138317,0.33%,546396,0.16%,0,0.00%,584324,0.17%,2271345,0.66%
AB2,42403764,元大新東協平衡基金 (本基金有相當比重投資於非投資等級之高風險債券),362733,0.10%,50311,0.01%,0,0.00%,3848487,1.07%,625352,0.17%,0,0.00%,206114,0.06%,5092997,1.41%
AH24,42461567,元大美國政府20年期(以上)債券單日正向2倍基金 (本基金為策略交易型產品且投資具有槓桿操作風險，故本基金不適合長期持有，僅符合臺灣證券交易所訂定之適格條件之投資人始得交易),4389002,0.03%,0,0.00%,0,0.00%,72335472,0.50%,20253935,0.14%,0,0.00%,5588324,0.04%,102566733,0.71%
AH22,42461573,元大美國政府20年期(以上)債券基金 (本基金之配息來源可能為收益平準金),0,0.00%,0,0.00%,0,0.00%,132841383,0.07%,53136548,0.03%,0,0.00%,12717707,0.01%,198695638,0.10%
AH24,42461588,元大美國政府20年期(以上)債券單日反向1倍基金 (本基金為策略交易型產品且投資具有反向操作風險，故本基金不適合長期持有，僅符合臺灣證券交易所訂定之適格條件之投資人始得交易),24923,0.02%,0,0.00%,0,0.00%,800030,0.50%,170659,0.11%,0,0.00%,680584,0.42%,1676196,1.05%
AH22,42469744,元大美國政府7至10年期債券基金,0,0.00%,0,0.00%,0,0.00%,3165604,0.13%,1582807,0.07%,0,0.00%,1106925,0.05%,5855336,0.25%
AH11,42540916,元大台灣高股息低波動ETF基金 (本基金之配息來源可能為收益平準金且並無保證收益及配息),118642790,0.10%,263394965,0.23%,204272761,0.18%,227777716,0.20%,26574072,0.02%,0,0.00%,28132890,0.02%,460249672,0.40%
AI2,42525387,元大亞太優質高股息100指數基金 (基金之收益分配由經理公司得依收益之情況自行決定當季配息型受益權單位配息與否及分配之金額，故每季分配之金額並非一定相同且並無保證收益及配息),104371,0.07%,6989,0.00%,0,0.00%,1208610,0.80%,221568,0.15%,0,0.00%,640238,0.42%,2181776,1.44%
AH22,42552623,元大20年期以上BBB級美元公司債券ETF基金 (本基金之配息來源可能為收益平準金),0,0.00%,0,0.00%,0,0.00%,274515095,0.20%,45752506,0.03%,0,0.00%,33523563,0.02%,353791164,0.26%
AH22,42552659,元大美國政府1至3年期債券ETF基金,0,0.00%,0,0.00%,0,0.00%,7305442,0.05%,6261825,0.04%,0,0.00%,4276071,0.03%,17843338,0.11%
AH21,72963026,元大MSCI中國A股國際通ETF基金,343273,0.05%,1571,0.00%,389932,0.05%,3500965,0.47%,500138,0.07%,0,0.00%,829841,0.11%,4785856,0.64%
AH22,73656187,元大20年期以上AAA至A級美元公司債券ETF基金 (本基金之配息來源可能為收益平準金),0,0.00%,0,0.00%,0,0.00%,192859775,0.12%,53572158,0.03%,0,0.00%,23726439,0.01%,270158372,0.17%
AH21,73694555,元大全球人工智慧ETF基金,2259990,0.05%,260825,0.01%,2136257,0.04%,29552295,0.60%,8537341,0.17%,0,0.00%,2742248,0.06%,41216442,0.84%
AH22,74722571,元大10年期以上美元投資級銀行債券ETF基金,0,0.00%,0,0.00%,0,0.00%,1575588,0.20%,525189,0.07%,0,0.00%,573462,0.07%,2674239,0.34%
AH22,74722592,元大10年期以上美元投資級醫療保健債券ETF基金,0,0.00%,0,0.00%,0,0.00%,869432,0.20%,289809,0.07%,0,0.00%,527652,0.12%,1686893,0.39%
AH22,74722657,元大10年期以上美元投資級公共事業電能債券ETF基金,0,0.00%,0,0.00%,0,0.00%,1701656,0.20%,567213,0.07%,0,0.00%,583308,0.07%,2852177,0.33%
AH21,74705236,元大標普美國高息特別股ETF基金 (本基金並無保證收益及配息),13180,0.01%,219,0.00%,19864,0.01%,850240,0.37%,309179,0.13%,0,0.00%,618102,0.27%,1771056,0.76%
AK11,75970921,元大台灣高股息ETF連結基金 (本基金並無保證收益及配息),1290141,0.03%,439999,0.01%,0,0.00%,449783,0.01%,551856,0.01%,0,0.00%,116582,0.00%,2848361,0.06%
AK11,75970963,元大台灣卓越50ETF連結基金,27804036,0.04%,1524921,0.00%,0,0.00%,532560,0.00%,4216997,0.01%,0,0.00%,116582,0.00%,34195096,0.05%
AK11,75971153,元大富櫃50ETF連結基金,145069,0.06%,69527,0.03%,0,0.00%,20475,0.01%,31388,0.01%,0,0.00%,93217,0.04%,359676,0.15%
AH11,76322163,元大臺灣ESG永續ETF基金 (本基金之配息來源可能為收益平準金),8723943,0.03%,18654020,0.06%,8928765,0.03%,64376314,0.20%,7510571,0.02%,0,0.00%,9570181,0.03%,99906264,0.31%
AH21,76347684,元大全球未來通訊ETF基金,861664,0.02%,1047337,0.02%,688530,0.01%,31920955,0.60%,8157575,0.15%,0,0.00%,3072750,0.06%,44371751,0.83%
AH22,76737557,元大15年期以上新興市場主權債ETF基金 (本基金之配息來源可能為收益平準金),0,0.00%,0,0.00%,0,0.00%,22581669,0.13%,11290841,0.07%,0,0.00%,3309876,0.02%,37182386,0.22%
AA1,76959044,元大台灣高股息優質龍頭基金 (本基金之配息來源可能為收益平準金且並無保證收益及配息),115309817,0.16%,199821639,0.27%,0,0.00%,417069445,0.57%,53550210,0.07%,0,0.00%,210164,0.00%,785961275,1.07%
AH21,77549343,元大全球5G關鍵科技ETF基金,1590038,0.03%,403279,0.01%,3307760,0.05%,36773213,0.60%,9397604,0.15%,0,0.00%,2456736,0.04%,47313110,0.77%
AB2,88320598,元大全球優質龍頭平衡基金,54744175,0.30%,1881038,0.01%,0,0.00%,178525813,0.97%,31988869,0.17%,0,0.00%,250371,0.00%,267390266,1.45%
AC21,88339528,元大0至2年投資級企業債券基金,27221,0.00%,0,0.00%,0,0.00%,4640290,0.40%,928068,0.08%,0,0.00%,146508,0.01%,5742087,0.49%
AC21,88339533,元大2至10年投資級企業債券基金,62219,0.00%,0,0.00%,0,0.00%,13560419,0.62%,2914852,0.13%,0,0.00%,169873,0.01%,16707363,0.76%
AC21,88339549,元大10年以上投資級企業債券基金,102060,0.00%,0,0.00%,0,0.00%,14118064,0.66%,2862354,0.13%,0,0.00%,171522,0.01%,17254000,0.80%
AA2,93100953,元大日本龍頭企業基金,117833476,0.42%,60370,0.00%,0,0.00%,279982189,0.99%,33970031,0.12%,0,0.00%,327439,0.00%,432173505,1.52%
AK11,93164359,元大台灣高股息低波動ETF連結基金 (本基金之配息來源可能為收益平準金且並無保證收益及配息),311428,0.04%,138399,0.02%,0,0.00%,72657,0.01%,111333,0.01%,0,0.00%,93217,0.01%,727034,0.09%
AK11,93164365,元大臺灣ESG永續ETF連結基金 (本基金之配息來源可能為收益平準金),155320,0.03%,115848,0.02%,0,0.00%,44911,0.01%,63904,0.01%,0,0.00%,93217,0.02%,473200,0.10%
AH11,93176257,元大臺灣價值高息ETF基金 (本基金之配息來源可能為收益平準金且並無保證收益及配息),87850245,0.11%,232863826,0.30%,232342251,0.30%,154570604,0.20%,15457051,0.02%,0,0.00%,23757697,0.03%,282157172,0.36%
AH21,527578,元大全球航太與防衛科技ETF基金,6686290,0.04%,7466846,0.05%,10758594,0.07%,89293884,0.60%,13890151,0.09%,0,0.00%,6854606,0.05%,113433183,0.76%
AH22,532452,元大優息10年期以上美國政府債券ETF基金 (本基金之配息來源可能為收益平準金且並無保證收益及配息),0,0.00%,0,0.00%,0,0.00%,984659,0.05%,492338,0.03%,0,0.00%,791122,0.04%,2268119,0.12%
AH22,532495,元大零息超長期美國政府債券ETF基金,0,0.00%,0,0.00%,0,0.00%,853503,0.05%,426746,0.03%,0,0.00%,661347,0.04%,1941596,0.12%
AH22,532523,元大優息10年期以上已開發市場投資級美元公司債券ETF基金 (本基金之配息來源可能為收益平準金且並無保證收益及配息),0,0.00%,0,0.00%,0,0.00%,7917994,0.12%,2199446,0.03%,0,0.00%,1719608,0.03%,11837048,0.18%
AK21,607143,元大全球航太與防衛科技ETF連結基金,823502,0.06%,840801,0.06%,0,0.00%,222717,0.02%,182045,0.01%,0,0.00%,119966,0.01%,2189031,0.16%
AK21,607158,元大標普500ETF連結基金,571006,0.04%,117509,0.01%,0,0.00%,95684,0.01%,169236,0.01%,0,0.00%,116582,0.01%,1070017,0.08%
AL21,643865,元大全球AI新經濟主動式ETF基金,114775162,0.37%,47953947,0.15%,28423725,0.09%,185784671,0.60%,30964109,0.10%,0,0.00%,398189,0.00%,351452353,1.13%
AH21,671974,元大納斯達克100增強成長精選ETF基金,12067974,0.08%,37359,0.00%,7540503,0.05%,14422574,0.10%,4571303,0.03%,0,0.00%,4980045,0.03%,28538752,0.19%
AJ2,684942,元大優質收益成長多重資產基金 (本基金之配息來源可能為本金),37813279,0.16%,1918898,0.01%,0,0.00%,45613507,0.19%,7602269,0.03%,0,0.00%,38839,0.00%,92986792,0.39%
AA1,92019786,景順潛力基金,1756377,0.04%,3474337,0.08%,0,0.00%,47240495,1.07%,4134031,0.09%,0,0.00%,101452,0.00%,56706692,1.28%
AD1,92025942,景順貨幣市場基金,0,0.00%,0,0.00%,0,0.00%,439806,0.07%,153934,0.02%,0,0.00%,99078,0.02%,692818,0.10%
AA2,97993482,景順全球科技基金 (本基金配息來源可能為本金),539325,0.01%,780725,0.02%,0,0.00%,49368889,1.17%,7052703,0.17%,0,0.00%,108365,0.00%,57850007,1.37%
AA1,73989256,景順台灣科技基金,706676,0.04%,1238982,0.07%,0,0.00%,18692437,1.07%,1635588,0.09%,0,0.00%,93558,0.01%,22367241,1.27%
AA1,17140568,景順主流基金,1130613,0.09%,1927454,0.16%,0,0.00%,13179591,1.07%,1153221,0.09%,0,0.00%,93548,0.01%,17484427,1.41%
AA2,14687516,景順全球康健基金,16992,0.00%,567,0.00%,0,0.00%,7012932,1.20%,662336,0.11%,0,0.00%,93979,0.02%,7786806,1.33%
AC21,73676959,景順2028到期精選新興債券基金 (本基金有相當比重投資於非投資等級之高風險債券，且基金之配息來源可能為本金),0,0.00%,0,0.00%,0,0.00%,46764691,0.57%,6051914,0.07%,0,0.00%,153099,0.00%,52969704,0.64%
AC21,74728110,景順2029到期精選新興債券基金 (本基金有相當比重投資於非投資等級之高風險債券，且基金之配息來源可能為本金),0,0.00%,0,0.00%,0,0.00%,29824394,0.55%,3952633,0.07%,0,0.00%,141148,0.00%,33918175,0.63%
AC21,76320518,景順十年到期特選新興債券基金 (本基金有相當比重投資於非投資等級之高風險債券，且基金之配息來源可能為本金),0,0.00%,0,0.00%,0,0.00%,20661489,0.55%,2987205,0.08%,0,0.00%,129229,0.00%,23777923,0.64%
AE23,88102565,景順2030優享樂活退休組合基金 (本基金有相當比重得投資於非投資等級之高風險債券基金且基金之配息來源可能為本金),413192,0.02%,15799,0.00%,0,0.00%,17492223,0.80%,2332300,0.11%,0,0.00%,116501,0.01%,20370015,0.93%
AC21,88184947,景順三至六年機動到期優選新興債券基金 (本基金有相當比重投資於非投資等級之高風險債券且配息來源可能為本金),0,0.00%,0,0.00%,0,0.00%,5509430,0.33%,1432444,0.09%,0,0.00%,117161,0.01%,7059035,0.43%
AE23,88177262,景順2031年樂活資產豐益組合基金 (本基金有一定比重得投資於非投資等級之高風險債券基金且基金之配息來源可能為本金),87501,0.01%,4511,0.00%,0,0.00%,6417298,1.00%,513385,0.08%,0,0.00%,106473,0.02%,7129168,1.11%
AA1,92003102,瀚亞高科技基金,4709836,0.05%,7186967,0.07%,0,0.00%,97074419,1.00%,8065540,0.08%,0,0.00%,116532,0.00%,117153294,1.21%
AA1,92012572,瀚亞外銷基金,24338490,0.17%,38607100,0.28%,0,0.00%,148754897,1.07%,13946352,0.10%,0,0.00%,121262,0.00%,225768101,1.62%
AA1,97990696,瀚亞菁華基金,9208649,0.20%,13948981,0.31%,0,0.00%,48499980,1.07%,4546875,0.10%,0,0.00%,109842,0.00%,76314327,1.68%
AA1,81595924,瀚亞中小型股基金,7380038,0.24%,10922018,0.36%,0,0.00%,32120496,1.07%,3011302,0.10%,0,0.00%,111862,0.00%,53545716,1.78%
AD1,83867345,瀚亞威寶貨幣市場基金,0,0.00%,0,0.00%,0,0.00%,4985878,0.05%,2136811,0.02%,0,0.00%,511051,0.00%,7633740,0.07%
AA2,17611814,瀚亞歐洲基金,8763609,0.35%,5767888,0.23%,0,0.00%,29408750,1.17%,5041513,0.20%,0,0.00%,132847,0.01%,49114607,1.95%
AB1,18036769,瀚亞理財通基金 (本基金配息來源可能為本金),1467845,0.02%,3014619,0.04%,0,0.00%,58344990,0.80%,5834503,0.08%,0,0.00%,215175,0.00%,68877132,0.94%
AA2,14692623,瀚亞美國高科技基金,14998484,0.10%,1577228,0.01%,0,0.00%,180892153,1.17%,28942734,0.19%,0,0.00%,132593,0.00%,226543192,1.46%
AE23,99967806,瀚亞股債入息組合基金 (本基金配息來源可能為本金且基金並無保證收益及配息),585197,0.02%,5966,0.00%,0,0.00%,17454129,0.59%,2561673,0.09%,0,0.00%,137885,0.00%,20744850,0.70%
AA2,21704130,瀚亞印度基金 (本基金配息來源可能為本金),4620821,0.04%,4571099,0.03%,0,0.00%,131508176,1.00%,22794743,0.17%,0,0.00%,503667,0.00%,163998506,1.25%
AA2,48733897,瀚亞亞太高股息基金 (本基金配息來源可能為本金且基金並無保證收益及配息),535097,0.05%,859847,0.07%,0,0.00%,13712349,1.17%,2350689,0.20%,0,0.00%,234346,0.02%,17692328,1.50%
AE22,48801000,瀚亞精選傘型基金之債券精選組合基金 (本子基金配息來源可能為本金),840636,0.07%,4351,0.00%,0,0.00%,8157291,0.67%,1060440,0.09%,0,0.00%,141026,0.01%,10203744,0.83%
AG,48836541,瀚亞亞太不動產證券化基金 (本基金之配息來源可能為本金),235014,0.04%,121444,0.02%,0,0.00%,6163712,1.17%,915747,0.17%,0,0.00%,185705,0.04%,7621622,1.44%
AA2,48885958,瀚亞亞太基礎建設基金,54304,0.01%,30796,0.01%,0,0.00%,4742882,1.17%,704656,0.17%,0,0.00%,210770,0.05%,5743408,1.41%
AA2,10357632,瀚亞非洲基金 (本基金之配息來源可能為本金),457230,0.09%,433656,0.08%,0,0.00%,6992496,1.33%,1118809,0.21%,0,0.00%,142281,0.03%,9144472,1.74%
AA2,25633559,瀚亞巴西基金,494612,0.06%,132032,0.02%,0,0.00%,10537604,1.33%,1369884,0.17%,0,0.00%,144736,0.02%,12678868,1.60%
AC23,26257384,瀚亞全球非投資等級債券基金 (本基金配息來源可能為本金),11,0.00%,0,0.00%,0,0.00%,28993911,0.96%,3409460,0.11%,0,0.00%,150455,0.00%,32553837,1.08%
AA2,26384902,瀚亞中國A股基金,3955500,0.40%,2153600,0.22%,0,0.00%,11845738,1.20%,1711057,0.17%,0,0.00%,198689,0.02%,19864584,2.01%
AB2,38621330,瀚亞亞太豐收平衡基金 (本基金有相當比重投資於非投資等級之高風險債券且配息來源可能為本金),24199,0.01%,37953,0.02%,0,0.00%,2015037,1.07%,251868,0.13%,0,0.00%,261602,0.14%,2590659,1.37%
AB2,42481830,瀚亞策略印度傘型基金之印度策略收益平衡基金 (本子基金有相當比重投資於非投資等級之高風險債券且配息來源可能為本金),45497,0.01%,45269,0.01%,0,0.00%,6764471,1.13%,1034564,0.17%,0,0.00%,929560,0.16%,8819361,1.48%
AC21,42481944,瀚亞策略印度傘型基金之印度策略收益債券基金 (本子基金有相當比重投資於非投資等級之高風險債券且配息來源可能為本金),25794,0.00%,83,0.00%,0,0.00%,7561220,1.07%,1181437,0.17%,0,0.00%,775821,0.11%,9544355,1.34%
AE23,73637204,瀚亞多重收益優化組合基金 (本基金得投資於非投資等級之高風險債券基金且配息來源可能為本金),4209004,0.01%,56840,0.00%,0,0.00%,282829102,0.95%,29743120,0.10%,0,0.00%,169879,0.00%,317007945,1.06%
AJ2,78739546,瀚亞2030目標日期收益優化多重資產基金 (本基金配息來源可能為本金),15318,0.01%,81,0.00%,0,0.00%,2445974,0.80%,244602,0.08%,0,0.00%,130435,0.04%,2836410,0.93%
AC21,88116786,瀚亞三至六年到期新興市場收益機會債券基金 (本基金有相當比重投資於非投資等級之高風險債券且配息來源可能為本金),0,0.00%,0,0.00%,0,0.00%,4791675,0.40%,958344,0.08%,0,0.00%,129795,0.01%,5879814,0.49%
AJ2,88125069,瀚亞2031目標日期收益成長多重資產基金 (本基金配息來源可能為本金),9114,0.00%,0,0.00%,0,0.00%,5325255,0.92%,500905,0.09%,0,0.00%,138493,0.02%,5973767,1.03%
AA2,516761,瀚亞亞洲科技資本家股票基金 (本基金配息來源可能為本金),4646734,0.21%,2171895,0.10%,0,0.00%,29865034,1.33%,4031783,0.18%,0,0.00%,210089,0.01%,40925535,1.82%
AA2,600970,瀚亞環球智慧數據股息基金 (本基金配息來源可能為本金且基金並無保證收益及配息),9131340,0.26%,3604108,0.10%,0,0.00%,40192283,1.13%,6147058,0.17%,0,0.00%,215108,0.01%,59289897,1.67%
AE23,663876,瀚亞環球增長ETF組合基金 (本基金有相當比重投資於非投資等級之高風險債券基金且配息來源可能為本金),4699256,0.12%,673491,0.02%,0,0.00%,15413107,0.39%,1778434,0.04%,0,0.00%,75737,0.00%,22640025,0.57%
AA1,1032183,玉山高成長基金,15443393,0.09%,26490734,0.15%,0,0.00%,137852342,0.80%,17249276,0.10%,0,0.00%,237183,0.00%,197272928,1.14%
AA1,92013967,玉山金滿意基金,10008785,0.05%,18951153,0.09%,0,0.00%,215918470,1.06%,20284539,0.10%,0,0.00%,238791,0.00%,265401738,1.31%
AA2,92029139,玉山亞太基金,1332875,0.11%,980636,0.08%,0,0.00%,14629766,1.17%,2173576,0.17%,0,0.00%,905917,0.07%,20022770,1.59%
AD1,97978047,玉山貨幣市場基金,0,0.00%,0,0.00%,0,0.00%,7476827,0.04%,4984548,0.03%,0,0.00%,758852,0.00%,13220227,0.07%
AA1,97988636,玉山店頭市場基金,1306809,0.07%,2402199,0.13%,0,0.00%,19119190,1.07%,1792425,0.10%,0,0.00%,153917,0.01%,24774540,1.38%
AC12,20089122,玉山瑞騰基金 (本基金有相當比重投資於非投資等級之高風險債券),0,0.00%,0,0.00%,0,0.00%,13532306,0.20%,4059687,0.06%,0,0.00%,291615,0.00%,17883608,0.26%
AA1,73990649,玉山科技島基金,9772307,0.16%,14520766,0.24%,0,0.00%,64834722,1.07%,6078257,0.10%,0,0.00%,185204,0.00%,95391256,1.57%
AA2,73998065,玉山大中華基金,3605401,0.16%,2715999,0.12%,0,0.00%,27095982,1.17%,4025695,0.17%,0,0.00%,269875,0.01%,37712952,1.62%
AA1,83866508,玉山中小型股基金,13419998,0.36%,21560373,0.58%,0,0.00%,39337130,1.05%,3726729,0.10%,0,0.00%,172539,0.00%,78216769,2.10%
AA1,17602625,玉山新世紀基金,2786317,0.22%,4613192,0.36%,0,0.00%,13658652,1.06%,1282602,0.10%,0,0.00%,153981,0.01%,22494744,1.75%
AB1,18044064,玉山金平衡基金 (本基金有相當比重投資於非投資等級之高風險債券),2597223,0.15%,4433844,0.26%,0,0.00%,13389378,0.80%,1344900,0.08%,0,0.00%,156544,0.01%,21921889,1.30%
AA2,14692638,玉山全球醫療生化基金,14549795,0.13%,259366,0.00%,0,0.00%,133432893,1.20%,20014928,0.18%,0,0.00%,354142,0.00%,168611124,1.51%
AA2,98755451,玉山全球中小基金,1100930,0.16%,200022,0.03%,0,0.00%,8137610,1.20%,1220813,0.18%,0,0.00%,460018,0.07%,11119393,1.64%
AE23,48803942,玉山新興趨勢組合基金,336910,0.04%,90298,0.01%,0,0.00%,5673040,0.74%,710690,0.09%,0,0.00%,170809,0.02%,6981747,0.92%
AA2,48938250,玉山全球資源基金,3403322,0.14%,612754,0.02%,0,0.00%,33408236,1.33%,4176024,0.17%,0,0.00%,183377,0.01%,41783713,1.67%
AA2,48970455,玉山全球基礎建設基金,660388,0.06%,273194,0.02%,0,0.00%,13518126,1.20%,1952617,0.17%,0,0.00%,431769,0.04%,16836094,1.49%
AA2,10307155,玉山全球消費商機基金,1213089,0.14%,349779,0.04%,0,0.00%,11580531,1.33%,1505459,0.17%,0,0.00%,256730,0.03%,14905588,1.71%
AA2,25674811,玉山拉丁美洲基金,1063725,0.20%,98684,0.02%,0,0.00%,6981824,1.33%,1047264,0.20%,0,0.00%,174786,0.03%,9366283,1.79%
AA2,26290779,玉山中國品牌基金,7801033,0.24%,2703203,0.08%,0,0.00%,39004616,1.20%,5634002,0.17%,0,0.00%,438020,0.01%,55580874,1.71%
AC21,31968075,玉山新興市場企業債券基金 (本基金有相當比重投資於非投資等級之高風險債券且基金之配息來源可能為本金),5607,0.00%,0,0.00%,0,0.00%,8140207,1.00%,1410976,0.17%,0,0.00%,168051,0.02%,9724841,1.19%
AA2,38551094,玉山中國中小基金,3432784,0.20%,1218960,0.07%,0,0.00%,20751790,1.20%,2997498,0.17%,0,0.00%,298681,0.02%,28699713,1.66%
AB2,42330171,玉山中國好時平衡基金 (本基金有相當比重投資於非投資等級之高風險債券且基金之配息來源可能為本金),251508,0.11%,95856,0.04%,0,0.00%,2434483,1.07%,395611,0.17%,0,0.00%,89221,0.04%,3266679,1.43%
AE23,42401739,玉山多元收益組合基金 (本基金之配息來源可能為本金),172446,0.06%,4171,0.00%,0,0.00%,2616410,0.85%,288276,0.09%,0,0.00%,159215,0.05%,3240518,1.05%
AE21,42479905,玉山策略成長ETF組合基金,383698,0.04%,24020,0.00%,0,0.00%,8329477,0.77%,1084752,0.10%,0,0.00%,171719,0.02%,9993666,0.92%
AC21,76338192,玉山美國投資級企業債券基金 (本基金有一定比重得投資於非投資等級之高風險債券且基金之配息來源可能為本金),18652,0.00%,194,0.00%,0,0.00%,8601583,0.73%,1954899,0.17%,0,0.00%,168161,0.01%,10743489,0.91%
AC23,88180941,玉山美元非投資等級債券基金 (本基金之配息來源可能為本金),70356,0.00%,4018,0.00%,0,0.00%,26412359,1.20%,3815111,0.17%,0,0.00%,180877,0.01%,30482721,1.38%
AC21,88194044,玉山四到六年機動到期新興金融基礎建設債券基金 (本基金有相當比重投資於非投資等級之高風險債券且基金之配息來源可能為本金),0,0.00%,0,0.00%,0,0.00%,1721975,0.23%,590389,0.08%,0,0.00%,167219,0.02%,2479583,0.34%
AA2,88239393,玉山全球新供應鏈基金 (本基金之配息來源可能為本金),356601,0.10%,51971,0.01%,0,0.00%,4879712,1.33%,683166,0.19%,0,0.00%,185096,0.05%,6156546,1.68%
AJ2,88319017,玉山全球生態友善ESG多重資產基金 (本基金有相當比重投資於非投資等級之高風險債券且基金),1454383,0.20%,318421,0.04%,0,0.00%,8850889,1.20%,1327633,0.18%,0,0.00%,425773,0.06%,12377099,1.68%
AH11,572524,玉山臺灣市值動能50 ETF 基金 (本基金之配息可能為收益平準金),3513568,0.13%,4109204,0.15%,2452528,0.09%,5466094,0.20%,637727,0.02%,0,0.00%,254847,0.01%,11528912,0.42%
AH21,597996,玉山全球跨國藍籌100ETF基金 (本基金之配息來源可能為收益平準金),175788,0.04%,12786,0.00%,255554,0.06%,2300593,0.53%,575158,0.13%,0,0.00%,161103,0.04%,2969874,0.69%
AH22,664002,玉山美元嚴選非投資等級債券ETF基金 (本基金之配息來源可能為收益平準金),0,0.00%,0,0.00%,0,0.00%,3080076,0.16%,1367829,0.07%,0,0.00%,173504,0.01%,4621409,0.24%
AH21,719668,玉山未來全球算力ETF基金 (本基金之配息來源可能為收益平準金),683872,0.04%,117961,0.01%,0,0.00%,339481,0.02%,89112,0.00%,0,0.00%,12036,0.00%,1242462,0.06%
AA1,77537493,統一統信基金,4635504,0.12%,7315742,0.19%,0,0.00%,30906936,0.80%,3863372,0.10%,0,0.00%,94854,0.00%,46816408,1.21%
AA1,1031699,統一全天候基金,35466025,0.22%,53826477,0.33%,0,0.00%,123633756,0.76%,14662376,0.09%,0,0.00%,102034,0.00%,227690668,1.39%
AA1,92002244,統一黑馬基金,166614858,0.49%,249313382,0.73%,0,0.00%,340622132,1.00%,31791394,0.09%,0,0.00%,115480,0.00%,788457246,2.31%
AA1,92012762,統一龍馬基金,54851158,0.77%,79048222,1.11%,0,0.00%,75130847,1.05%,6657165,0.09%,0,0.00%,100158,0.00%,215787550,3.02%
AD1,92017176,統一強棒貨幣市場基金,0,0.00%,0,0.00%,0,0.00%,64261302,0.05%,30090590,0.02%,0,0.00%,1490417,0.00%,95842309,0.08%
AA1,97977878,統一中小基金,38735334,0.77%,54731289,1.09%,0,0.00%,53384122,1.07%,4337457,0.09%,0,0.00%,92069,0.00%,151280271,3.02%
AA1,81581724,統一經建基金,12506309,0.24%,21210541,0.41%,0,0.00%,53219493,1.04%,5115389,0.10%,0,0.00%,92019,0.00%,92143751,1.80%
AA1,73990253,統一奔騰基金,121123359,0.21%,179198474,0.31%,0,0.00%,622350050,1.07%,58345311,0.10%,0,0.00%,146760,0.00%,981163954,1.68%
AA1,17605622,統一大滿貫基金,94596756,0.38%,144958923,0.58%,0,0.00%,262423024,1.06%,24786803,0.10%,0,0.00%,113729,0.00%,526879235,2.12%
AA2,18030553,統一亞太基金,1758518,0.16%,889220,0.08%,0,0.00%,12578623,1.17%,1868829,0.17%,0,0.00%,154905,0.01%,17250095,1.60%
AE22,48783925,統一全球債券組合基金 (基金有一定比例投資非投資等級債券基金),788815,0.31%,5426,0.00%,0,0.00%,800980,0.31%,222782,0.09%,0,0.00%,63439,0.02%,1881442,0.73%
AA2,48863201,統一強漢基金,40609813,0.37%,23428046,0.21%,0,0.00%,128326389,1.17%,14665876,0.13%,0,0.00%,356454,0.00%,207386578,1.88%
AA1,48934304,統一台灣動力基金,36585805,0.40%,54599513,0.60%,0,0.00%,94099414,1.04%,9070026,0.10%,0,0.00%,100328,0.00%,194455086,2.14%
AA2,25637393,統一大龍印基金,15242126,0.63%,8989410,0.37%,0,0.00%,30600123,1.26%,4187383,0.17%,0,0.00%,202493,0.01%,59221535,2.45%
AA2,26202889,統一大中華中小基金,12534312,0.54%,10541286,0.45%,0,0.00%,27933309,1.20%,4034815,0.17%,0,0.00%,142458,0.01%,55186180,2.37%
AA2,26318517,統一新亞洲科技能源基金,14224421,0.34%,4386602,0.10%,0,0.00%,53351166,1.26%,7300688,0.17%,0,0.00%,143610,0.00%,79406487,1.88%
AA2,31841577,統一亞洲大金磚基金,383174,0.12%,224681,0.07%,0,0.00%,3912642,1.26%,535418,0.17%,0,0.00%,128090,0.04%,5184005,1.68%
AA2,38592911,統一大龍騰中國基金,11074062,0.51%,7274123,0.34%,0,0.00%,26656036,1.23%,3746249,0.17%,0,0.00%,398978,0.02%,49149448,2.27%
AC23,42326710,統一亞洲非投資等級債券基金 (基金之配息來源可能為本金),51581,0.02%,138,0.00%,0,0.00%,2547132,1.00%,441504,0.17%,0,0.00%,71083,0.03%,3111438,1.22%
AA2,42386152,統一全球新科技基金,80752312,0.35%,21401291,0.09%,0,0.00%,305561619,1.33%,44306436,0.19%,0,0.00%,166678,0.00%,452188336,1.97%
AJ2,42539805,統一全球動態多重資產基金 (基金有相當比重投資於非投資等級之高風險債券且基金之配息來源可能為本金),3103890,0.18%,2251621,0.13%,0,0.00%,19182968,1.13%,3046715,0.18%,0,0.00%,88829,0.01%,27674023,1.63%
AA2,72956685,統一大東協高股息基金,732905,0.14%,480268,0.09%,0,0.00%,7109690,1.33%,1030903,0.19%,0,0.00%,68009,0.01%,9421775,1.76%
AH21,73692389,統一NYSE FANG+ ETF基金,5851038,0.02%,315080,0.00%,6667264,0.02%,215862655,0.57%,45712084,0.12%,0,0.00%,17567480,0.05%,278641073,0.73%
AH22,76331254,統一彭博10年期以上Aa至A級美元優質公司債券ETF基金 (基金之配息來源可能為收益平準金),0,0.00%,0,0.00%,0,0.00%,8892533,0.19%,2787127,0.06%,0,0.00%,1419139,0.03%,13098799,0.28%
AA2,76332943,統一全球智聯網AIoT基金,26268777,0.50%,18667820,0.36%,0,0.00%,69855010,1.33%,9430425,0.18%,0,0.00%,319818,0.01%,124541850,2.37%
AH22,93106366,統一彭博美國20年期以上公債ETF基金 (基金之配息來源可能為收益平準金),0,0.00%,0,0.00%,0,0.00%,14191401,0.05%,10136715,0.03%,0,0.00%,2104516,0.01%,26432632,0.09%
AA1,93110333,統一台灣高息優選基金 (本基金並無保證收益及配息，配息來源可能為本金及收益平準金),18847350,0.11%,27780398,0.17%,0,0.00%,178680770,1.07%,16751325,0.10%,0,0.00%,100168,0.00%,242160011,1.44%
AH11,93168221,統一台灣高息動能ETF基金 (本基金並無保證收益及配息，配息來源可能為收益平準金),48156114,0.19%,92896346,0.37%,56849271,0.23%,50409385,0.20%,5881090,0.02%,0,0.00%,6739305,0.03%,147232969,0.58%
AH22,531566,統一全球15年以上BBB優選ESG公司債ETF基金 (基金之配息來源可能為收益平準金),0,0.00%,0,0.00%,0,0.00%,3883624,0.20%,1165095,0.06%,0,0.00%,846529,0.04%,5895248,0.30%
AJ1,572502,統一優選低波多重資產基金 (基金之配息來源可能為本金及收益平準金),3012100,0.08%,1733834,0.05%,0,0.00%,25906874,0.68%,3537706,0.09%,0,0.00%,137635,0.00%,34328149,0.90%
AL11,583395,統一台股增長主動式ETF基金 (基金之配息來源可能為收益平準金),417572281,0.23%,416002522,0.22%,504088333,0.27%,1259980495,0.68%,125997963,0.07%,0,0.00%,12657246,0.01%,1728122174,0.93%
AH21,599299,統一美國50ETF 基金 (基金之配息來源可能為收益平準金),2306962,0.06%,33193,0.00%,2103804,0.05%,9195034,0.23%,3152589,0.08%,0,0.00%,2100971,0.05%,14684945,0.37%
AL21,608038,統一全球創新主動式ETF基金 (基金之配息來源可能為收益平準金),225895016,0.69%,41777323,0.13%,87106440,0.27%,273844293,0.84%,23038769,0.07%,0,0.00%,455896,0.00%,477904857,1.46%
AD1,663931,統一全方位貨幣市場基金,0,0.00%,0,0.00%,0,0.00%,4291641,0.04%,1877590,0.02%,0,0.00%,371077,0.00%,6540308,0.06%
AL11,670969,統一台股升級50主動式ETF基金 (基金之配息來源可能為收益平準金),311416590,0.19%,252069814,0.16%,381027509,0.24%,571416635,0.35%,19516313,0.01%,0,0.00%,5535520,0.00%,778927363,0.48%
AL22,721290,統一股債傘型基金之統一美國公債量化增益主動式ETF基金 (基金之配息來源可能為收益平準金),13531,0.00%,0,0.00%,0,0.00%,462582,0.05%,57825,0.01%,0,0.00%,18770,0.00%,552708,0.05%
AL21,721313,統一股債傘型基金之統一前沿科技主動式ETF基金 (基金之配息來源可能為收益平準金),7945959,0.11%,480793,0.01%,1470939,0.02%,5739898,0.08%,635489,0.01%,0,0.00%,8820,0.00%,13340020,0.19%
AA1,974018,富邦基金,11559509,0.36%,21096908,0.65%,0,0.00%,25852587,0.80%,3231525,0.10%,0,0.00%,157932,0.00%,61898461,1.92%
AA1,92002384,富邦精準基金,12284731,0.20%,21686815,0.35%,0,0.00%,62384378,1.00%,6238436,0.10%,0,0.00%,180010,0.00%,102774370,1.65%
AA1,92010477,富邦長紅基金,14817464,0.34%,25213127,0.57%,0,0.00%,46744303,1.07%,4382275,0.10%,0,0.00%,157922,0.00%,91315091,2.08%
AD1,97980579,富邦吉祥貨幣市場基金,0,0.00%,0,0.00%,0,0.00%,39029906,0.06%,19647269,0.03%,0,0.00%,1365078,0.00%,60042253,0.09%
AA1,20084317,富邦日盛基金,6604124,0.33%,11905698,0.59%,0,0.00%,21521204,1.07%,2017606,0.10%,0,0.00%,113533,0.01%,42162165,2.09%
AA1,20089755,富邦精銳中小基金,7731534,0.19%,13301758,0.34%,0,0.00%,41775918,1.05%,3962111,0.10%,0,0.00%,157897,0.00%,66929218,1.69%
AD1,81580387,富邦貨幣市場基金,0,0.00%,0,0.00%,0,0.00%,51987382,0.08%,18240303,0.03%,0,0.00%,1237964,0.00%,71465649,0.11%
AA1,81584975,富邦上選基金,21405071,0.30%,37988034,0.53%,0,0.00%,76154013,1.07%,7139391,0.10%,0,0.00%,113513,0.00%,142800022,2.00%
AA1,81585475,富邦高成長基金,14960113,0.39%,25446134,0.67%,0,0.00%,40615164,1.07%,3807658,0.10%,0,0.00%,157927,0.00%,84986996,2.23%
AA1,73988876,富邦小而美基金,2930191,0.20%,4687866,0.32%,0,0.00%,15697170,1.07%,1471600,0.10%,0,0.00%,113503,0.01%,24900330,1.69%
AA1,83864683,富邦科技基金,3429173,0.21%,6066593,0.38%,0,0.00%,17175471,1.07%,1610208,0.10%,0,0.00%,113453,0.01%,28394898,1.76%
AA1,17147078,富邦精選五虎基金,2633086,0.14%,4779979,0.25%,0,0.00%,20215060,1.07%,1895155,0.10%,0,0.00%,113465,0.01%,29636745,1.56%
AA1,17148301,富邦台灣心基金,2771924,0.18%,4802000,0.32%,0,0.00%,15994693,1.07%,1499498,0.10%,0,0.00%,113448,0.01%,25181563,1.68%
AA1,17607591,富邦高科技基金,4338019,0.21%,7488484,0.36%,0,0.00%,22040794,1.07%,2066319,0.10%,0,0.00%,113453,0.01%,36047069,1.74%
AA1,94991068,富邦新台商基金,18295262,0.25%,31104064,0.42%,0,0.00%,77964953,1.06%,7309199,0.10%,0,0.00%,113483,0.00%,134786961,1.84%
AG,99991502,富邦全球不動產基金,14034,0.00%,0,0.00%,0,0.00%,2955843,1.00%,472928,0.16%,0,0.00%,69255,0.02%,3512060,1.19%
AH11,48790067,富邦台灣科技指數基金 (本基金之配息來源可能為收益平準金),64124908,0.05%,45318566,0.04%,97379802,0.08%,128055433,0.10%,29879604,0.02%,0,0.00%,39488146,0.03%,209486855,0.16%
AA2,48908684,富邦大中華成長基金,1485747,0.18%,1022371,0.12%,0,0.00%,9647809,1.17%,1433396,0.17%,0,0.00%,140537,0.02%,13729860,1.66%
AA2,48925706,富邦亞洲機會基金,396049,0.16%,367338,0.15%,0,0.00%,2842005,1.18%,416452,0.17%,0,0.00%,-11828,0.00%,4010016,1.67%
AA1,48948481,富邦首選基金,1978341,0.28%,3400441,0.49%,0,0.00%,7418702,1.07%,695510,0.10%,0,0.00%,113478,0.02%,13606472,1.95%
AA2,48968970,富邦全球抗暖化基金 (本基金非屬環境、社會及治理相關主題基金),805812,0.20%,217490,0.05%,0,0.00%,5433340,1.33%,706358,0.17%,0,0.00%,133181,0.03%,7296181,1.79%
AH11,48975156,富邦台灣ETF傘型基金之富邦台灣摩根指數股票型基金,28067,0.01%,40760,0.01%,0,0.00%,405634,0.10%,94648,0.02%,0,0.00%,224208,0.06%,793317,0.20%
AA1,26273336,富邦MIT主流基金,2239624,0.25%,3996986,0.45%,0,0.00%,9505796,1.07%,891181,0.10%,0,0.00%,113463,0.01%,16747050,1.88%
AC21,26275812,富邦全球投資等級債券基金,0,0.00%,0,0.00%,0,0.00%,9977740,0.52%,3165947,0.17%,0,0.00%,92550,0.00%,13236237,0.70%
AA2,26323737,富邦中國內需動力基金,474156,0.23%,282092,0.14%,0,0.00%,2483523,1.20%,358720,0.17%,0,0.00%,133352,0.06%,3731843,1.80%
AH21,26334740,富邦上証180基金,1903573,0.04%,592790,0.01%,4297694,0.10%,27975555,0.66%,2825811,0.07%,0,0.00%,1987094,0.05%,30987129,0.73%
AC23,31827147,富邦亞洲非投資等級債券基金 (本基金之配息來源可能為本金),0,0.00%,0,0.00%,0,0.00%,2417026,1.07%,392776,0.17%,0,0.00%,130237,0.06%,2940039,1.30%
AH11,31840182,富邦台灣釆吉50基金 (本基金之配息來源可能為收益平準金),63093557,0.02%,127729835,0.03%,94388775,0.02%,288906800,0.08%,76685787,0.02%,0,0.00%,110461697,0.03%,572488901,0.15%
AC21,31946404,富邦亞太債券傘型基金之富邦亞太優質債券基金 (本基金之配息來源可能為本金),0,0.00%,0,0.00%,0,0.00%,2403275,0.68%,600818,0.17%,0,0.00%,80560,0.02%,3084653,0.87%
AC23,31946426,富邦亞太債券傘型基金之富邦中國非投資等級債券基金 (本基金主要係投資於非投資等級之高風險債券且基金之配息來源可能為本金),0,0.00%,0,0.00%,0,0.00%,3182397,1.01%,530399,0.17%,0,0.00%,80409,0.03%,3793205,1.21%
AH23,38633011,富邦中國ETF傘型基金之富邦上証180單日正向兩倍基金,33305550,0.46%,141246,0.00%,7536539,0.10%,45226749,0.62%,11091247,0.15%,0,0.00%,1890166,0.03%,84118419,1.16%
AH23,38633027,富邦中國ETF傘型基金之富邦上証180單日反向一倍基金,352119,0.24%,6400,0.00%,3512,0.00%,985082,0.66%,228854,0.15%,0,0.00%,160071,0.11%,1729014,1.16%
AH21,42302273,富邦深証100基金,893622,0.05%,521377,0.03%,3779756,0.20%,12759012,0.66%,1288794,0.07%,0,0.00%,1768203,0.09%,13451252,0.69%
AH23,42319561,富邦日本ETF傘型基金之富邦日本東証單日正向兩倍基金 (本基金採匯率避險),175435,0.02%,0,0.00%,833218,0.09%,5659258,0.61%,1305918,0.14%,0,0.00%,625324,0.07%,6932717,0.74%
AH23,42319582,富邦日本ETF傘型基金之富邦日本東証單日反向一倍基金 (本基金採匯率避險),46736,0.01%,0,0.00%,22905,0.01%,2081801,0.66%,378497,0.12%,0,0.00%,272919,0.09%,2757048,0.87%
AH21,42328908,富邦日本東証基金 (本基金採匯率避險),1502822,0.06%,0,0.00%,1833561,0.07%,8786700,0.33%,3514674,0.13%,0,0.00%,1121164,0.04%,13091799,0.50%
AH21,42376963,富邦印度ETF傘型基金之富邦印度NIFTY基金,802880,0.04%,866659,0.04%,9248141,0.41%,14925167,0.66%,3919724,0.17%,0,0.00%,2170663,0.10%,13436952,0.59%
AH23,42376984,富邦印度ETF傘型基金之富邦印度NIFTY單日反向一倍基金,115965,0.09%,0,0.00%,3472,0.00%,883443,0.65%,206876,0.15%,0,0.00%,709602,0.53%,1912414,1.42%
AH23,42376990,富邦印度ETF傘型基金之富邦印度NIFTY單日正向兩倍基金,1364462,0.17%,0,0.00%,1090433,0.13%,5436888,0.66%,1264749,0.15%,0,0.00%,955562,0.12%,7931228,0.96%
AH21,42399305,富邦NASDAQ-100基金,38007746,0.04%,95602,0.00%,41365049,0.05%,169180107,0.20%,90229401,0.11%,0,0.00%,50905745,0.06%,307053552,0.36%
AH23,42404567,富邦恒生國企ETF傘型基金之富邦恒生國企單日反向一倍基金,133318,0.10%,0,0.00%,11374,0.01%,769019,0.57%,153812,0.11%,0,0.00%,461424,0.34%,1506199,1.11%
AH23,42404573,富邦恒生國企ETF傘型基金之富邦恒生國企單日正向兩倍基金,8450453,0.18%,0,0.00%,10912193,0.23%,25614402,0.54%,5347277,0.11%,0,0.00%,2016338,0.04%,30516277,0.65%
AH13,42450837,富邦臺灣加權ETF傘型基金之富邦臺灣加權單日正向兩倍基金,5767470,0.02%,20307550,0.07%,8523845,0.03%,115253603,0.42%,7390430,0.03%,0,0.00%,4025724,0.01%,144220932,0.52%
AH13,42450843,富邦臺灣加權ETF傘型基金之富邦臺灣加權單日反向一倍基金,124965,0.01%,423794,0.04%,65690,0.01%,4220515,0.40%,278257,0.03%,0,0.00%,596832,0.06%,5578673,0.53%
AA2,42449987,富邦中國戰略A股基金,1099085,0.22%,501686,0.10%,0,0.00%,6777443,1.33%,881068,0.17%,0,0.00%,267687,0.05%,9526969,1.87%
AH23,42441704,富邦NASDAQ-100 ETF傘型基金之富邦NASDAQ-100單日反向一倍基金 (本基金採匯率避險),62025,0.00%,0,0.00%,70700,0.00%,8468708,0.57%,1795688,0.12%,0,0.00%,1115375,0.07%,11371096,0.76%
AH23,42441710,富邦NASDAQ-100 ETF傘型基金之富邦NASDAQ-100單日正向兩倍基金 (本基金採匯率避險),989800,0.01%,0,0.00%,5029022,0.03%,87090529,0.59%,19639452,0.13%,0,0.00%,8131633,0.06%,110822392,0.75%
AJ2,42479095,富邦歐亞絲路多重資產型基金 (本基金有相當比重投資於非投資等級之高風險債券且配息來源可能為本金),762371,0.21%,192413,0.05%,0,0.00%,3931341,1.07%,663408,0.18%,0,0.00%,79910,0.02%,5629443,1.53%
AH11,42482423,富邦臺灣公司治理100基金,10645938,0.02%,24244184,0.05%,17350708,0.04%,49148585,0.10%,11467992,0.02%,0,0.00%,6995837,0.01%,85151828,0.17%
AH22,42519239,富邦美國政府債券ETF傘型基金之富邦美國政府債券1-3年期基金,0,0.00%,0,0.00%,0,0.00%,2480721,0.05%,2112869,0.04%,0,0.00%,1320234,0.03%,5913824,0.12%
AH22,42519245,富邦美國政府債券ETF傘型基金之富邦美國政府債券7-10年期基金,0,0.00%,0,0.00%,0,0.00%,1865327,0.13%,1585530,0.11%,0,0.00%,639708,0.05%,4090565,0.29%
AH22,42519250,富邦美國政府債券ETF傘型基金之富邦美國政府債券20年期以上基金,0,0.00%,0,0.00%,0,0.00%,13492171,0.07%,8095298,0.04%,0,0.00%,4570103,0.02%,26157572,0.13%
AH21,42464918,富邦恒生國企ETF基金,479671,0.07%,411099,0.06%,927724,0.13%,2336718,0.33%,841207,0.12%,0,0.00%,688702,0.10%,3829673,0.55%
AH21,42529243,富邦富時歐洲ETF基金,288436,0.05%,139611,0.02%,378139,0.06%,2127057,0.33%,1233680,0.19%,0,0.00%,377955,0.06%,3788600,0.59%
AH21,42546448,富邦標普美國特別股ETF基金,1332630,0.07%,17346,0.00%,0,0.00%,8180918,0.40%,2726987,0.13%,0,0.00%,1040467,0.05%,13298348,0.65%
AH11,72949931,富邦道瓊臺灣優質高息30ETF基金 (本基金之配息來源可能為收益平準金且基金並無保證收益及配息),1956696,0.10%,3612707,0.19%,981665,0.05%,5250701,0.27%,450391,0.02%,0,0.00%,903817,0.05%,11192647,0.58%
AH11,72960132,富邦臺灣中小A級動能50ETF基金,29451796,0.55%,55853090,1.04%,19464389,0.36%,11029922,0.21%,1248977,0.02%,0,0.00%,1712828,0.03%,79832224,1.49%
AH22,72963525,富邦全方位入息ETF傘型基金之富邦彭博優選1-5年非投資等級債券ETF基金 (本基金之配息來源可能為收益平準金且基金並無保證收益及配息),0,0.00%,0,0.00%,0,0.00%,1447339,0.27%,578945,0.11%,0,0.00%,681620,0.13%,2707904,0.50%
AH22,72963546,富邦全方位入息ETF傘型基金之富邦彭博10年期(以上)BBB美元息收公司債券ETF基金 (本基金之配息來源可能為收益平準金且基金並無保證收益及配息),0,0.00%,0,0.00%,0,0.00%,104584225,0.13%,41833696,0.05%,0,0.00%,13485038,0.02%,159902959,0.20%
AH22,73626500,富邦多元收益ETF傘型基金之富邦彭博9-35年A級美元息收公司債券ETF基金,0,0.00%,0,0.00%,0,0.00%,105214869,0.12%,29226336,0.03%,0,0.00%,13606519,0.02%,148047724,0.17%
AA2,73680763,富邦全球智能車基金,1267289,0.21%,323740,0.05%,0,0.00%,8197061,1.33%,1065628,0.17%,0,0.00%,149341,0.02%,11003059,1.79%
AJ2,73712293,富邦AI智能新趨勢多重資產型基金 (本基金有相當比重投資於非投資等級之高風險債券),24416338,0.24%,12600953,0.13%,0,0.00%,107696797,1.07%,18094939,0.18%,0,0.00%,389070,0.00%,163198097,1.62%
AH21,74721518,富邦多元收益ⅡETF傘型基金之富邦中國中証中小500ETF基金,227724,0.08%,88143,0.03%,527376,0.19%,1784382,0.66%,180246,0.07%,0,0.00%,913650,0.34%,2666769,0.99%
AH22,74721600,富邦多元收益ⅡETF傘型基金之富邦全球金融業10年以上美元投等債券ETF基金,0,0.00%,0,0.00%,0,0.00%,49178251,0.13%,14753476,0.04%,0,0.00%,8100264,0.02%,72031991,0.20%
AH22,76311594,富邦多元收益ⅢETF傘型基金之富邦彭博歐洲區美元7-15年期銀行債ETF基金,0,0.00%,0,0.00%,0,0.00%,7173282,0.27%,3048650,0.11%,0,0.00%,1230846,0.05%,11452778,0.43%
AH22,76311692,富邦多元收益ⅢETF傘型基金之富邦中國以外新興市場美元5年以上投資等級債券ETF基金,0,0.00%,0,0.00%,0,0.00%,16258523,0.20%,5419504,0.07%,0,0.00%,1806594,0.02%,23484621,0.29%
AA1,88095396,富邦台灣高股息基金 (本基金並無保證收益及配息),7747620,0.33%,13274728,0.57%,0,0.00%,23288008,1.00%,1863038,0.08%,0,0.00%,158067,0.01%,46331461,1.99%
AH21,88173189,富邦富時越南ETF基金,20357990,0.16%,7071182,0.06%,18255952,0.14%,83919780,0.66%,19496517,0.15%,0,0.00%,9887739,0.08%,122477256,0.96%
AA1,88175551,富邦台灣永續成長股息基金,6759928,0.51%,12091662,0.92%,0,0.00%,14022112,1.07%,1314571,0.10%,0,0.00%,113473,0.01%,34301746,2.61%
AH11,88183736,富邦台灣核心半導體ETF基金,8858336,0.09%,11338705,0.12%,6641603,0.07%,25777503,0.27%,2255528,0.02%,0,0.00%,5531989,0.06%,47120458,0.49%
AG,88106865,富邦長照產業收益不動產證券化基金 (本基金有相當比重得投資於非投資等級之高風險債券且配息來源可能為本金),32294,0.03%,219,0.00%,0,0.00%,1295372,1.20%,187116,0.17%,0,0.00%,119869,0.11%,1634870,1.51%
AH21,88194950,富邦未來車ETF基金,3022743,0.04%,1847175,0.03%,2233574,0.03%,43538726,0.60%,9675273,0.13%,0,0.00%,3504519,0.05%,59354862,0.82%
AH21,88234242,富邦基因免疫生技ETF基金,1119747,0.07%,97997,0.01%,854300,0.05%,9154540,0.57%,2154013,0.13%,0,0.00%,1270372,0.08%,12942369,0.80%
AH11,88254540,富邦特選台灣高股息30ETF基金 (本基金之配息來源可能為收益平準金且基金並無保證收益及配息),109535168,0.34%,207786687,0.65%,66967060,0.21%,64020783,0.20%,7469098,0.02%,0,0.00%,8461376,0.03%,330306052,1.03%
AH21,88261140,富邦元宇宙ETF基金,1143564,0.11%,197098,0.02%,854515,0.08%,5751378,0.53%,1437843,0.13%,0,0.00%,964853,0.09%,8640221,0.80%
AA2,88238465,富邦越南機會基金,3829476,0.18%,1338191,0.06%,0,0.00%,29107473,1.33%,4366129,0.20%,0,0.00%,234669,0.01%,38875938,1.78%
AH21,88313560,富邦全球入息不動產與基礎建設ETF基金,1239216,0.23%,586916,0.11%,236624,0.04%,2369162,0.43%,656060,0.12%,0,0.00%,733455,0.13%,5348185,0.98%
AH21,88332996,富邦全球ESG綠色電力ETF基金,839601,0.20%,290203,0.07%,1289496,0.31%,2531638,0.60%,562583,0.13%,0,0.00%,720980,0.17%,3655509,0.87%
AJ2,88323238,富邦台美雙星多重資產基金 (本基金有相當比重投資於非投資等級之高風險債券且配息來源可能為本金),20697960,0.13%,11413918,0.07%,0,0.00%,184192240,1.15%,27638180,0.17%,0,0.00%,313719,0.00%,244256017,1.53%
AA2,93213295,富邦全球關鍵半導體基金,2578732,0.17%,830729,0.05%,0,0.00%,20537100,1.33%,2669815,0.17%,0,0.00%,136800,0.01%,26753176,1.73%
AJ1,515854,富邦台灣優質多重資產基金,317241,0.20%,154692,0.10%,0,0.00%,953073,0.61%,145288,0.09%,0,0.00%,115358,0.07%,1685652,1.08%
AH11,572496,富邦台灣旗艦動能50ETF基金 (本基金之配息來源可能為收益平準金),7700030,0.09%,14417468,0.17%,8341387,0.10%,17086520,0.20%,1708655,0.02%,0,0.00%,2663031,0.03%,35234317,0.41%
AJ2,586153,富邦雙核心戰略多重資產基金 (本基金有相當比重投資於非投資等級之高風險債券且配息來源可能為本金及收益平準金),1828339,0.07%,661026,0.03%,0,0.00%,29329124,1.17%,4156848,0.17%,0,0.00%,208678,0.01%,36184015,1.45%
AL22,609114,富邦優選收益傘型基金之富邦環球動態入息投資級債主動式ETF基金 (本基金之配息來源可能為收益平準金且基金並無保證收益及配息),26890,0.00%,345,0.00%,0,0.00%,3251542,0.37%,591190,0.07%,0,0.00%,251493,0.03%,4121460,0.46%
AL22,609120,富邦優選收益傘型基金之富邦環球複合優選收益債主動式ETF基金 (本基金有一定比重得投資於非投資等級之高風險債券且基金之配息來源可能為收益平準金且基金並無保證收益及配息),23286,0.00%,0,0.00%,0,0.00%,4510654,0.43%,693946,0.07%,0,0.00%,251493,0.02%,5479379,0.53%
AH11,579505,富邦台灣淨零轉型ESG50 ETF基金 (本基金之配息來源可能為收益平準金),593709,0.11%,1399151,0.26%,1406674,0.26%,1070772,0.20%,107089,0.02%,0,0.00%,633769,0.12%,2397816,0.45%
AI2,647784,富邦美國傘型基金之富邦NASDAQ-100指數基金 (本基金之配息來源可能為本金及收益平準金),2434086,0.16%,82361,0.01%,0,0.00%,6115715,0.39%,1668945,0.11%,0,0.00%,1230145,0.08%,11531252,0.74%
AI2,647807,富邦美國傘型基金之富邦標普500指數基金 (本基金之配息來源可能為本金及收益平準金),2599607,0.23%,22039,0.00%,0,0.00%,4456432,0.40%,1188669,0.11%,0,0.00%,769416,0.07%,9036163,0.81%
AH21,647813,富邦美國傘型基金之富邦標普500 ETF基金 (本基金之配息來源可能為收益平準金),2874800,0.15%,15412,0.00%,1594402,0.08%,3219320,0.17%,1416503,0.07%,0,0.00%,963166,0.05%,6894799,0.36%
AL11,675654,富邦台灣龍耀主動式ETF基金 (本基金之配息來源可能為收益平準金),51929861,0.21%,43873160,0.18%,43911716,0.18%,66889197,0.28%,2298833,0.01%,0,0.00%,262128,0.00%,121341463,0.50%
AE23,666888,富邦景氣循環多元資產組合基金 (本基金得投資於非投資等級之高風險債券基金且配息來源可能為本金),1061444,0.03%,0,0.00%,0,0.00%,3965825,0.11%,673344,0.02%,0,0.00%,25763,0.00%,5726376,0.16%
AA1,1032162,摩根台灣增長基金,720919,0.03%,2158209,0.08%,0,0.00%,20591725,0.80%,3276398,0.13%,0,0.00%,150430,0.01%,26897681,1.04%
AA2,92005896,摩根新興日本基金,568595,0.07%,0,0.00%,0,0.00%,8713362,1.00%,1277961,0.15%,0,0.00%,125587,0.01%,10685505,1.22%
AA1,92012025,摩根新興科技基金,31843010,0.16%,63136062,0.31%,0,0.00%,194466854,0.97%,18775211,0.09%,0,0.00%,231497,0.00%,308452634,1.53%
AA2,92023780,摩根亞洲基金,3603726,0.07%,9088587,0.17%,0,0.00%,61120614,1.15%,9202724,0.17%,0,0.00%,1001970,0.02%,84017621,1.58%
AD1,97991668,摩根第一貨幣市場基金,0,0.00%,0,0.00%,0,0.00%,2070127,0.05%,1293823,0.03%,0,0.00%,370810,0.01%,3734760,0.10%
AA2,97999612,摩根龍揚基金,3477459,0.05%,6521683,0.10%,0,0.00%,78263441,1.16%,11656481,0.17%,0,0.00%,734038,0.01%,100653102,1.49%
AA2,20096209,摩根東方科技基金,5353960,0.10%,9302701,0.17%,0,0.00%,62183712,1.15%,9328518,0.17%,0,0.00%,774100,0.01%,86942991,1.61%
AA2,73980092,摩根大歐洲基金,2131503,0.04%,7787914,0.14%,0,0.00%,66649947,1.16%,11505469,0.20%,0,0.00%,572882,0.01%,88647715,1.54%
AA1,73989501,摩根中小基金,3852622,0.14%,8139023,0.29%,0,0.00%,30302260,1.07%,2840839,0.10%,0,0.00%,126157,0.00%,45260901,1.59%
AB1,18036846,摩根平衡基金,1660364,0.03%,3260446,0.05%,0,0.00%,38644566,0.63%,4862459,0.08%,0,0.00%,230988,0.00%,48658823,0.80%
AB2,99181637,摩根全球平衡基金,149536,0.02%,261550,0.03%,0,0.00%,8043875,1.00%,804387,0.10%,0,0.00%,923994,0.11%,10183342,1.26%
AA2,29245757,摩根全球創新成長基金,679492,0.02%,2249125,0.06%,0,0.00%,29502458,0.78%,6547840,0.17%,0,0.00%,553275,0.01%,39532190,1.04%
AB2,21704027,摩根亞太高息平衡基金 (本基金並無保證收益及配息),204117,0.03%,431760,0.07%,0,0.00%,5952078,1.00%,714238,0.12%,0,0.00%,681665,0.11%,7983858,1.34%
AA2,48727760,摩根絕對日本基金,514461,0.03%,0,0.00%,0,0.00%,18818806,1.24%,1711489,0.11%,0,0.00%,153998,0.01%,21198754,1.40%
AA2,48768614,摩根新興35基金,1987214,0.03%,3996674,0.07%,0,0.00%,80375809,1.33%,12505524,0.21%,0,0.00%,1122726,0.02%,99987947,1.65%
AA2,48974190,摩根新絲路基金,167328,0.03%,540419,0.09%,0,0.00%,8308035,1.33%,1163141,0.19%,0,0.00%,1169389,0.19%,11348312,1.82%
AA2,10313109,摩根東方內需機會基金,779713,0.07%,1886868,0.17%,0,0.00%,13083251,1.17%,2093303,0.19%,0,0.00%,779960,0.07%,18623095,1.66%
AA2,10348445,摩根金龍收成基金,321957,0.05%,622121,0.10%,0,0.00%,7205676,1.17%,1070558,0.17%,0,0.00%,768282,0.12%,9988594,1.62%
AA2,25627402,摩根中國亮點基金,1473066,0.09%,1536244,0.10%,0,0.00%,18754539,1.20%,2604802,0.17%,0,0.00%,605215,0.04%,24973866,1.60%
AA1,25636367,摩根台灣金磚基金,10284484,0.14%,22483621,0.31%,0,0.00%,74560067,1.03%,7229457,0.10%,0,0.00%,188071,0.00%,114745700,1.59%
AA2,25684986,摩根新金磚五國基金,134091,0.02%,227002,0.03%,0,0.00%,9636299,1.33%,1493635,0.21%,0,0.00%,773737,0.11%,12264764,1.69%
AE22,26279269,摩根總收益組合基金 (本基金之配息來源可能為本金),27046,0.00%,0,0.00%,0,0.00%,224521,0.02%,995211,0.09%,0,0.00%,131033,0.01%,1377811,0.12%
AC23,26376229,摩根亞洲總合非投資等級債券基金 (本基金之配息來源可能為本金),8891,0.00%,0,0.00%,0,0.00%,9701626,1.00%,1487576,0.15%,0,0.00%,286724,0.03%,11484817,1.18%
AA2,31944996,摩根中國A股基金,13403685,0.13%,6103954,0.06%,0,0.00%,122736481,1.18%,17998342,0.17%,0,0.00%,1022698,0.01%,161265160,1.55%
AA2,38532914,摩根泛亞太股票入息基金 (本基金並無保證收益及配息),480799,0.06%,939997,0.13%,0,0.00%,8863821,1.20%,1378825,0.19%,0,0.00%,706682,0.10%,12370124,1.67%
AE23,38612682,摩根多元入息成長基金 (本基金並無保證收益及配息),252938,0.00%,8754,0.00%,0,0.00%,4526238,0.06%,7226957,0.10%,0,0.00%,228839,0.00%,12243726,0.17%
AB2,42299565,摩根新興雙利平衡基金 (本基金有相當比重投資於非投資等級之高風險債券且配息來源可能為本金),54638,0.02%,116715,0.04%,0,0.00%,3500980,1.11%,535432,0.17%,0,0.00%,351056,0.11%,4558821,1.45%
AB2,42319892,摩根中國雙息平衡基金 (本基金有相當比重投資於非投資等級之高風險債券且並無保證收益及配息),182550,0.01%,380645,0.01%,0,0.00%,30643500,1.06%,4979569,0.17%,0,0.00%,857288,0.03%,37043552,1.29%
AA2,42381001,摩根環球股票收益基金 (本基金之配息來源可能為本金),734173,0.03%,2059522,0.07%,0,0.00%,29453238,1.06%,5157979,0.19%,0,0.00%,234415,0.01%,37639327,1.36%
AJ2,513407,摩根大美國領先收成多重資產基金 (本基金有相當比重投資於非投資等級之高風險債券且配息來源可能為本金或收益平準金),9742511,0.07%,83297,0.00%,0,0.00%,138917455,1.00%,24080257,0.17%,0,0.00%,405772,0.00%,173229292,1.24%
AL21,610034,摩根大美國領先科技主動式ETF基金 (本基金之配息來源可能為收益平準金),137546,0.01%,31562,0.00%,387809,0.02%,7786893,0.50%,1557383,0.10%,0,0.00%,542084,0.03%,9667659,0.62%
AL11,668844,摩根台灣鑫收益主動式ETF基金 (本基金之配息來源可能為收益平準金),2969711,0.09%,6816017,0.21%,5577468,0.18%,8045879,0.25%,603441,0.02%,0,0.00%,503042,0.02%,13360622,0.42%
AA1,973762,華南永昌永昌基金,5176081,0.29%,8271776,0.46%,0,0.00%,14377808,0.80%,1677429,0.09%,0,0.00%,166633,0.01%,29669727,1.65%
AD1,97971760,華南永昌鳳翔貨幣市場基金,0,0.00%,0,0.00%,0,0.00%,15889700,0.04%,10593139,0.03%,0,0.00%,1887290,0.00%,28370129,0.07%
AD1,13989817,華南永昌麒麟貨幣市場基金,0,0.00%,0,0.00%,0,0.00%,3108536,0.07%,1243417,0.03%,0,0.00%,233405,0.01%,4585358,0.10%
AA2,48824897,華南永昌全球精品基金,567758,0.12%,157487,0.03%,0,0.00%,6077795,1.33%,790104,0.17%,0,0.00%,150008,0.03%,7743152,1.70%
AA2,38546656,華南永昌中國A股基金,1933292,0.47%,877025,0.21%,0,0.00%,4932458,1.20%,685073,0.17%,0,0.00%,222105,0.05%,8649953,2.10%
AB2,38618790,華南永昌多重資產入息平衡基金 (本基金之配息來源可能為本金),1103608,0.16%,651253,0.09%,0,0.00%,6859281,1.00%,1143237,0.17%,0,0.00%,207177,0.03%,9964556,1.45%
AA2,42333698,華南永昌全球物聯網精選基金,493155,0.17%,86577,0.03%,0,0.00%,3092694,1.07%,502561,0.17%,0,0.00%,110264,0.04%,4285251,1.48%
AE21,42527673,華南永昌Shiller US CAPE ETF組合基金 (本基金之配息來源可能為本金),963980,0.37%,16059,0.01%,0,0.00%,2411959,0.92%,261243,0.10%,0,0.00%,134831,0.05%,3788072,1.45%
AJ2,76871420,華南永昌低波動多重資產基金,392793,0.16%,2098,0.00%,0,0.00%,2621206,1.07%,360415,0.15%,0,0.00%,118058,0.05%,3494570,1.42%
AI1,88342468,華南永昌台灣環境永續高股息指數基金,1121240,0.29%,2401116,0.62%,0,0.00%,2070162,0.53%,388147,0.10%,0,0.00%,459096,0.12%,6439761,1.66%
AC21,88399742,華南永昌全球投資等級債券基金 (本基金配息來源可能為本金),0,0.00%,0,0.00%,0,0.00%,3665835,1.00%,610966,0.17%,0,0.00%,104813,0.03%,4381614,1.19%
AA1,93150600,華南永昌未來科技基金,4111590,0.47%,5938083,0.68%,0,0.00%,10246066,1.17%,995333,0.11%,0,0.00%,113520,0.01%,21404592,2.43%
AJ2,516517,華南永昌全球科技多重資產基金 (本基金有相當比重投資於非投資等級之高風險債券且本基金之配息來源可能為本金),834336,0.24%,499076,0.14%,0,0.00%,4182750,1.20%,604181,0.17%,0,0.00%,140995,0.04%,6261338,1.79%
AC23,570384,華南永昌精選非投資等級債券基金 (本基金主要投資於非投資等級之高風險債券且本基金之配息來源可能為本),122807,0.02%,1618,0.00%,0,0.00%,6914723,1.20%,960380,0.17%,0,0.00%,102411,0.02%,8101939,1.40%
AH11,583873,華南永昌台灣優選50ETF基金 (本基金之配息來源可能為收益平準金),703038,0.06%,1768813,0.16%,1464363,0.13%,1121054,0.10%,261578,0.02%,0,0.00%,857152,0.08%,3247272,0.29%
AH21,655101,華南永昌NASDAQ 100科技ETF基金,2455665,0.20%,23816,0.00%,1235779,0.10%,1740793,0.14%,986433,0.08%,0,0.00%,1013763,0.08%,4984691,0.41%
AH21,675275,華南永昌全球未來金融優選30 ETF基金,1637973,0.15%,42752,0.00%,455890,0.04%,2730030,0.25%,606675,0.06%,0,0.00%,384312,0.04%,4945852,0.46%
AC23,72948187,瑞銀全方位非投資等級債券基金 (本基金之配息來源可能為本金),4845,0.00%,0,0.00%,0,0.00%,4440723,1.20%,616773,0.17%,0,0.00%,144126,0.04%,5206467,1.41%
AC21,77652845,瑞銀優質精選收益基金 (本基金之配息來源可能為本金),0,0.00%,0,0.00%,0,0.00%,6854393,1.00%,1188096,0.17%,0,0.00%,132358,0.02%,8174847,1.19%
AE22,88126031,瑞銀精選債券收益組合基金 (本基金有一定比重得投資於非投資等級之高風險債券基金且配息來源可能為本金),775,0.00%,839,0.00%,0,0.00%,1741140,0.79%,217642,0.10%,0,0.00%,128254,0.06%,2088650,0.95%
AC21,88170893,瑞銀2027年到期優選新興市場債券基金 (本基金有相當比重投資於非投資等級之高風險債券且配息來源可能為本金),0,0.00%,0,0.00%,0,0.00%,5416621,0.33%,1408317,0.09%,0,0.00%,133317,0.01%,6958255,0.43%
AE23,88331455,瑞銀全球永續組合基金 (本基金有一定比重得投資於非投資等級之高風險債券基金且配息來源可能為本金),0,0.00%,0,0.00%,0,0.00%,2119459,1.00%,197815,0.09%,0,0.00%,132449,0.06%,2449723,1.16%
AA1,92028997,群益中小型股基金,22070007,0.43%,30618210,0.60%,0,0.00%,50718382,1.00%,5071838,0.10%,0,0.00%,111169,0.00%,108589606,2.14%
AD1,97978525,群益安穩貨幣市場基金,0,0.00%,0,0.00%,0,0.00%,36812050,0.05%,21102733,0.03%,0,0.00%,3495393,0.00%,61410176,0.08%
AA1,97984293,群益馬拉松基金,33378110,0.16%,48103811,0.24%,0,0.00%,215111474,1.06%,18914397,0.09%,0,0.00%,160863,0.00%,315668655,1.56%
AA1,20081352,群益店頭市場基金,28347075,0.51%,39826984,0.72%,0,0.00%,59324558,1.07%,5561679,0.10%,0,0.00%,136590,0.00%,133196886,2.39%
AA1,81591434,群益長安基金,11569166,0.23%,15926646,0.31%,0,0.00%,53875970,1.07%,5050877,0.10%,0,0.00%,103668,0.00%,86526327,1.71%
AA1,19339782,群益創新科技基金,26830963,0.26%,37676775,0.36%,0,0.00%,111289215,1.07%,10433370,0.10%,0,0.00%,139746,0.00%,186370069,1.78%
AB1,17147605,群益真善美基金,5278766,0.42%,6844590,0.55%,0,0.00%,9930595,0.80%,993062,0.08%,0,0.00%,111376,0.01%,23158389,1.86%
AB1,18037845,群益平衡王基金,9526534,0.48%,11433671,0.57%,0,0.00%,15953632,0.80%,1595361,0.08%,0,0.00%,119662,0.01%,38628860,1.93%
AB1,29243337,群益安家基金,2985758,0.45%,3734332,0.56%,0,0.00%,5334765,0.80%,533472,0.08%,0,0.00%,103378,0.02%,12691705,1.90%
AE23,21723538,群益多重資產組合基金,3650093,0.37%,431911,0.04%,0,0.00%,6513478,0.66%,789974,0.08%,0,0.00%,128270,0.01%,11513726,1.16%
AA1,48675778,群益奧斯卡基金,3912868,0.28%,5498993,0.39%,0,0.00%,15076125,1.07%,1413387,0.10%,0,0.00%,103019,0.01%,26004392,1.84%
AA1,48749899,群益葛萊美基金,13293460,0.49%,18456615,0.68%,0,0.00%,28869053,1.07%,2706475,0.10%,0,0.00%,109966,0.00%,63435569,2.34%
AB2,48787295,群益亞太新趨勢平衡基金,3991861,0.30%,1516343,0.11%,0,0.00%,13468622,1.00%,1616246,0.12%,0,0.00%,280961,0.02%,20874033,1.55%
AA2,48852561,群益新興金鑽基金,1124240,0.16%,747965,0.10%,0,0.00%,9604333,1.33%,1440648,0.20%,0,0.00%,358983,0.05%,13276169,1.84%
AA2,25602535,群益東方盛世基金,7187501,0.63%,357701,0.03%,0,0.00%,13750527,1.20%,1986186,0.17%,0,0.00%,207519,0.02%,23489434,2.05%
AA2,25629892,群益華夏盛世基金,8816049,0.20%,4696528,0.11%,0,0.00%,51944314,1.20%,7503070,0.17%,0,0.00%,238145,0.01%,73198106,1.69%
AA2,25675430,群益印巴雙星基金,3389585,0.44%,1616653,0.21%,0,0.00%,9127420,1.20%,1318782,0.17%,0,0.00%,1117995,0.15%,16570435,2.17%
AA2,26285038,群益東協成長基金,2288132,0.26%,740768,0.08%,0,0.00%,11686614,1.32%,1532957,0.17%,0,0.00%,134782,0.02%,16383253,1.85%
AA2,26300586,群益印度中小基金,64399519,0.51%,46215859,0.37%,0,0.00%,168107923,1.33%,21855293,0.17%,0,0.00%,2836268,0.02%,303414862,2.40%
AA2,26385629,群益大中華雙力優勢基金,646425,0.16%,438468,0.11%,0,0.00%,5279980,1.33%,686389,0.17%,0,0.00%,186248,0.05%,7237510,1.83%
AA2,38486685,群益美國新創亮點基金,3947312,0.19%,556826,0.03%,0,0.00%,28362454,1.33%,3687117,0.17%,0,0.00%,110567,0.01%,36664276,1.72%
AA2,38486708,群益全球關鍵生技基金,1156783,0.15%,73507,0.01%,0,0.00%,9987825,1.33%,1298416,0.17%,0,0.00%,183585,0.02%,12700116,1.69%
AA2,38524463,群益中國新機會基金,19217510,0.45%,9917258,0.23%,0,0.00%,51656815,1.20%,7469045,0.17%,0,0.00%,272511,0.01%,88533139,2.05%
AA2,38531773,群益工業國入息基金 (本基金之配息來源可能為本金),631933,0.28%,116841,0.05%,0,0.00%,2993029,1.33%,389085,0.17%,0,0.00%,111843,0.05%,4242731,1.89%
AE23,38648529,群益環球金綻雙喜基金 (本基金有相當比重投資於持有非投資等級高風險債券之基金且配息來源可能為本金),2061454,0.19%,22767,0.00%,0,0.00%,9622304,0.87%,1110265,0.10%,0,0.00%,110179,0.01%,12926969,1.16%
AB2,42301416,群益中國金采平衡基金 (本基金有相當比例投資於非投資等級之高風險債券且配息來源可能為本金),35495,0.02%,24620,0.02%,0,0.00%,1592724,1.00%,265448,0.17%,0,0.00%,146455,0.09%,2064742,1.29%
AH21,42323777,群益深証中小100基金,745826,0.05%,370098,0.02%,2110177,0.13%,10184256,0.63%,1393640,0.09%,0,0.00%,1177772,0.07%,11761415,0.73%
AA2,42369604,群益大印度基金,4700357,0.48%,3292694,0.33%,0,0.00%,13142957,1.33%,1708590,0.17%,0,0.00%,1145011,0.12%,23989609,2.43%
AG,42385061,群益全球地產入息基金 (本基金有相當比例投資於非投資等級之高風險債券且配息來源可能為本金),322138,0.10%,8560,0.00%,0,0.00%,3736201,1.19%,541524,0.17%,0,0.00%,111860,0.04%,4720283,1.51%
AB2,42440058,群益金選報酬平衡基金 (本基金有相當比例投資於非投資等級之高風險債券且配息來源可能為本金),108550,0.06%,28168,0.01%,0,0.00%,2214485,1.13%,338675,0.17%,0,0.00%,111994,0.06%,2801872,1.43%
AH21,42465424,群益那斯達克生技基金,58839,0.02%,4070,0.00%,94755,0.03%,1724954,0.57%,324686,0.11%,0,0.00%,858872,0.28%,2876666,0.94%
AH13,42481260,群益臺灣加權單日反向1倍基金,40582,0.02%,86047,0.04%,13331,0.01%,376655,0.18%,55869,0.03%,0,0.00%,422840,0.20%,968662,0.46%
AH13,42481276,群益臺灣加權單日正向2倍基金,4851810,0.02%,18700708,0.08%,20200138,0.09%,46261420,0.20%,6168191,0.03%,0,0.00%,4510174,0.02%,60292165,0.26%
AA2,42519414,群益全球特別股收益基金 (本基金之配息來源可能為本金),99369,0.03%,1908,0.00%,0,0.00%,4726526,1.20%,682723,0.17%,0,0.00%,110079,0.03%,5620605,1.43%
AH25,42543131,群益道瓊美國地產ETF基金,39388,0.01%,2354,0.00%,161537,0.03%,2845420,0.57%,602563,0.12%,0,0.00%,584882,0.12%,3913070,0.78%
AH22,42553637,群益15年期以上電信業公司債ETF基金 (本基金之配息來源可能為收益平準金),0,0.00%,0,0.00%,0,0.00%,70775006,0.13%,21232504,0.04%,0,0.00%,7842010,0.01%,99849520,0.19%
AH22,42553643,群益15年期以上科技業公司債ETF基金 (本基金之配息來源可能為收益平準金),0,0.00%,0,0.00%,0,0.00%,62435426,0.13%,18730622,0.04%,0,0.00%,6952010,0.01%,88118058,0.19%
AH22,42553664,群益10年期以上金融債ETF基金 (本基金之配息來源可能為收益平準金),0,0.00%,0,0.00%,0,0.00%,138471078,0.13%,41541312,0.04%,0,0.00%,15040891,0.01%,195053281,0.19%
AC23,72960111,群益全球優先順位非投資等級債券基金 (本基金配息來源可能為本金),0,0.00%,0,0.00%,0,0.00%,36407278,1.13%,5578397,0.17%,0,0.00%,110396,0.00%,42096071,1.31%
AH22,73682045,群益15年期以上公用事業公司債ETF 基金,0,0.00%,0,0.00%,0,0.00%,17906327,0.20%,5968781,0.07%,0,0.00%,2213913,0.02%,26089021,0.29%
AH22,73682050,群益15年期以上高評等公司債ETF 基金,0,0.00%,0,0.00%,0,0.00%,54777884,0.13%,16433359,0.04%,0,0.00%,6158794,0.01%,77370037,0.19%
AH22,73682158,群益15年期以上新興市場主權債ETF基金 (本基金之配息來源可能為收益平準金),0,0.00%,0,0.00%,0,0.00%,74792395,0.17%,17950176,0.04%,0,0.00%,8272984,0.02%,101015555,0.22%
AF,73659017,群益2028 REVERSO美元保本基金 (保護型保本基金；保本比率為本金之115%，但投資人於基金到期日前提出買回申請，到期前之買回淨值不保證會高於基金保本率或發行價格),0,0.00%,0,0.00%,0,0.00%,953965,0.67%,95394,0.07%,0,0.00%,56619,0.04%,1105978,0.77%
AJ2,73709234,群益潛力收益多重資產基金 (本子基金有相當比重投資於非投資等級之高風險債券且基金之配息來源可能為本金),99673503,0.25%,20048605,0.05%,0,0.00%,447290118,1.11%,72412037,0.18%,0,0.00%,142770,0.00%,639567033,1.59%
AH22,73709430,群益25年期以上美國政府債券ETF基金 (本基金之配息來源可能為收益平準金),0,0.00%,0,0.00%,0,0.00%,28065887,0.07%,16839535,0.04%,0,0.00%,3297045,0.01%,48202467,0.11%
AH22,75955772,群益15年期以上A級美元公司債ETF基金 (本基金之配息來源可能為收益平準金),0,0.00%,0,0.00%,0,0.00%,93356391,0.13%,23339105,0.03%,0,0.00%,10239337,0.01%,126934833,0.18%
AH22,75955885,群益15年期以上AAA-A醫療保健業美元公司債ETF基金,0,0.00%,0,0.00%,0,0.00%,221714,0.20%,110853,0.10%,0,0.00%,108863,0.10%,441430,0.40%
AE23,76317128,群益全民成長樂退組合基金 (本基金有相當比重投資於持有非投資等級高風險債券之基金且配息來源可能為本金),39099721,0.38%,1246223,0.01%,0,0.00%,63922840,0.62%,9610170,0.09%,0,0.00%,120018,0.00%,113998972,1.11%
AE22,76317197,群益全民安穩樂退組合基金 (本基金配息來源可能為本金),204888,0.02%,725,0.00%,0,0.00%,4622046,0.54%,804474,0.09%,0,0.00%,104661,0.01%,5736794,0.66%
AE23,76317231,群益全民優質樂退組合基金 (本基金有相當比重投資於持有非投資等級高風險債券之基金且配息來源可能為本金),13294638,0.31%,411938,0.01%,0,0.00%,20904020,0.49%,4007630,0.09%,0,0.00%,111304,0.00%,38729530,0.90%
AH22,76344618,群益1-5年期投資等級公司債ETF基金,0,0.00%,0,0.00%,0,0.00%,174298,0.13%,52298,0.04%,0,0.00%,150000,0.11%,376596,0.29%
AC21,76344835,群益全球策略收益金融債券基金 (本子基金有一定比重投資於非投資等級之高風險債券且基金之配息來源可能為本金),0,0.00%,0,0.00%,0,0.00%,48231109,0.98%,8544690,0.17%,0,0.00%,112733,0.00%,56888532,1.15%
AH22,76344856,群益0-1年期美國政府債券ETF基金,0,0.00%,0,0.00%,0,0.00%,589780,0.07%,235925,0.03%,0,0.00%,251708,0.03%,1077413,0.12%
AH11,88330879,群益台灣精選高息ETF基金 (本基金之配息來源可能為收益平準金且基金並無保證收益及配息),618774281,0.13%,876683078,0.18%,457859755,0.10%,948729921,0.20%,110685156,0.02%,0,0.00%,111825578,0.02%,2208838259,0.46%
AA2,88343425,群益智慧聯網電動車基金,10992321,0.54%,3590191,0.18%,0,0.00%,26997542,1.33%,3509674,0.17%,0,0.00%,182874,0.01%,45272602,2.23%
AH11,88385901,群益台灣ESG低碳50ETF基金 (本基金之配息來源可能為收益平準金),26342004,0.09%,33565561,0.11%,26202336,0.09%,65412000,0.21%,7154430,0.02%,0,0.00%,7808539,0.03%,114080198,0.37%
AH11,88397435,群益台灣半導體收益ETF基金 (本基金之配息來源可能為收益平準金),57896415,0.21%,36395400,0.13%,53663577,0.20%,72650182,0.26%,6356881,0.02%,0,0.00%,7001842,0.03%,126637143,0.46%
AJ2,93148318,群益優化收益成長多重資產基金 (本基金有相當比重投資於非投資等級之高風險債券且基金之配息來源可能為本金),11246930,0.27%,279866,0.01%,0,0.00%,47672281,1.13%,7291058,0.17%,0,0.00%,121173,0.00%,66611308,1.58%
AH22,93155485,群益ESG 20年期以上BBB投資等級公司債ETF基金 (本基金之配息來源可能為收益平準金),0,0.00%,0,0.00%,0,0.00%,352241013,0.13%,88060258,0.03%,0,0.00%,22404667,0.01%,462705938,0.17%
AC23,93176030,群益時機對策非投資等級債券基金 (本基金配息來源可能為本金),0,0.00%,0,0.00%,0,0.00%,18308163,1.20%,2644519,0.17%,0,0.00%,110116,0.01%,21062798,1.38%
AH11,93215250,群益台灣科技高息成長ETF基金 (本基金之配息來源可能為收益平準金且基金並無保證收益及配息),12575616,0.19%,21521915,0.32%,13815986,0.21%,13402771,0.20%,1340274,0.02%,0,0.00%,2145998,0.03%,37170588,0.55%
AH22,512532,群益優選收益非投資等級債券ETF基金 (本基金之配息來源可能為收益平準金),0,0.00%,0,0.00%,0,0.00%,82448977,0.20%,16489790,0.04%,0,0.00%,10829819,0.03%,109768586,0.27%
AL11,584520,群益台灣精選強棒主動式ETF基金 (本基金之配息來源可能為收益平準金),116579276,0.28%,154572540,0.38%,70112155,0.17%,217623924,0.53%,9521046,0.02%,0,0.00%,335773,0.00%,428520404,1.05%
AJ2,573256,群益印美戰略多重資產基金 (本基金有相當比重投資於非投資等級之高風險債券且基金之配息來源可能為本金),6897768,0.65%,2605531,0.25%,0,0.00%,10782931,1.01%,1839420,0.17%,0,0.00%,699201,0.07%,22824851,2.15%
AH22,584541,群益0-5年期ESG投資等級公司債ETF基金 (本基金之配息來源可能為收益平準金),0,0.00%,0,0.00%,0,0.00%,9228899,0.17%,2214942,0.04%,0,0.00%,1544493,0.03%,12988334,0.23%
AL11,650252,群益台灣科技創新主動式ETF基金 (本基金之配息來源可能為收益平準金),134416249,0.42%,161089151,0.50%,106411232,0.33%,218108915,0.68%,7414114,0.02%,0,0.00%,368171,0.00%,414985368,1.30%
AL21,667893,群益美國增長主動式ETF基金 (本基金之配息來源可能為收益平準金),34274444,0.27%,4924750,0.04%,12929201,0.10%,64422067,0.51%,5442235,0.04%,0,0.00%,311142,0.00%,96445437,0.76%
AH21,682986,群益美國科技巨頭ETF基金,6622529,0.10%,40477,0.00%,2670714,0.04%,11008818,0.17%,1376098,0.02%,0,0.00%,1070775,0.02%,17447983,0.27%
AH21,641986,群益標普500ETF基金 (本基金之配息來源可能為收益平準金),2517786,0.07%,3100,0.00%,605496,0.02%,1574355,0.04%,787185,0.02%,0,0.00%,509887,0.01%,4786817,0.13%
AA1,97972846,台中銀大發基金 (本基金配息來源可能為本金),1359605,0.07%,2139826,0.11%,0,0.00%,19194043,1.00%,1792912,0.09%,0,0.00%,140163,0.01%,24626549,1.28%
AA1,18033138,台中銀數位時代基金 (本基金配息來源可能為本金),323101,0.04%,651665,0.08%,0,0.00%,9202088,1.07%,862696,0.10%,0,0.00%,106831,0.01%,11146381,1.29%
AD1,14290085,台中銀萬保貨幣市場基金,0,0.00%,0,0.00%,0,0.00%,556242,0.07%,278120,0.03%,0,0.00%,123401,0.01%,957763,0.11%
AA2,25689835,台中銀中國精選成長基金,795141,0.27%,358127,0.12%,0,0.00%,3537757,1.20%,511002,0.17%,0,0.00%,169572,0.06%,5371599,1.82%
AA1,88315292,台中銀台灣優息基金,3920683,0.43%,6998380,0.77%,0,0.00%,9663079,1.07%,905920,0.10%,0,0.00%,100198,0.01%,21588260,2.38%
AA1,97997635,聯博大利基金,1202965,0.07%,2127758,0.12%,0,0.00%,19308810,1.07%,1689825,0.09%,0,0.00%,99884,0.01%,24429242,1.35%
AE22,38522107,聯博收益傘型基金之聯博債券收益組合基金 (本基金得投資於非投資等級之高風險債券基金且配息來源可能為本金及收益平準金),109132,0.01%,68556,0.01%,0,0.00%,8371626,0.72%,923656,0.08%,0,0.00%,185355,0.02%,9658325,0.84%
AE23,38522113,聯博收益傘型基金之聯博多元資產收益組合基金 (本基金得投資於非投資等級之高風險債券基金且配息來源可能為本金),8656384,0.01%,182694,0.00%,0,0.00%,641332533,0.97%,57092538,0.09%,0,0.00%,307670,0.00%,707571819,1.07%
AJ2,38633201,聯博多重資產傘型基金之聯博歐洲多重資產基金 (本基金得投資於非投資等級之高風險債券且配息來源可能為本金及收益平準金),258382,0.02%,27808,0.00%,0,0.00%,15486110,1.07%,2419700,0.17%,0,0.00%,182085,0.01%,18374085,1.26%
AJ2,38633217,聯博多重資產傘型基金之聯博亞太多重資產基金 (本基金得投資於非投資等級之高風險債券且配息來源可能為本金),901392,0.06%,1998758,0.12%,0,0.00%,17426230,1.07%,2722843,0.17%,0,0.00%,1025565,0.06%,24074788,1.47%
AC23,38654486,聯博全球非投資等級債券基金 (基金之配息來源可能為本金),802176,0.00%,0,0.00%,0,0.00%,489732273,1.00%,50182377,0.10%,0,0.00%,491036,0.00%,541207862,1.10%
AA2,73671531,聯博中國A股基金,831167,0.12%,494913,0.07%,0,0.00%,7975964,1.17%,1184998,0.17%,0,0.00%,165888,0.02%,10652930,1.56%
AJ2,77552894,聯博美國傘型基金之聯博美國多重資產收益基金 (本基金得投資於非投資等級之高風險債券且配息來源可能為本金),2599485,0.01%,169402,0.00%,0,0.00%,210941480,1.07%,32959604,0.17%,0,0.00%,251061,0.00%,246921032,1.25%
AA2,77552965,聯博美國傘型基金之聯博美國成長入息基金 (本基金並無保證收益及配息),1801007,0.01%,117884,0.00%,0,0.00%,249982358,1.07%,40622137,0.17%,0,0.00%,216094,0.00%,292739480,1.25%
AC21,88347148,聯博四年到期全球美元債券基金 (本基金有一定比重得投資於非投資等級之高風險債券且配息來源可能為本金),0,0.00%,0,0.00%,0,0.00%,14792575,0.60%,1958675,0.08%,0,0.00%,54721,0.00%,16805971,0.69%
AL22,600606,聯博投資等級債入息主動式ETF基金 (本基金有一定比重得投資於非投資等級之高風險債券，配息來源可能為收益平準金且並無保證收益及配息),90778,0.00%,0,0.00%,0,0.00%,9064195,0.43%,1673387,0.08%,0,0.00%,127368,0.01%,10955728,0.52%
AL22,649782,聯博優選全球非投資等級債券主動式ETF基金 (本基金主要投資於非投資等級之高風險債券，配息來源可能為收益平準金且並無保證收益及配息),38996,0.00%,0,0.00%,0,0.00%,17113841,0.48%,1920724,0.05%,0,0.00%,523940,0.01%,19597501,0.55%
AL11,675444,聯博台灣動能收益50 主動式ETF基金 (本基金配息來源可能為收益平準金),9493063,0.30%,13003185,0.41%,-3818654,-0.12%,6165943,0.20%,328853,0.01%,0,0.00%,393894,0.01%,33203592,1.06%
AA1,20094820,柏瑞巨人基金,2399527,0.06%,2199259,0.05%,0,0.00%,43869417,1.06%,4143120,0.10%,0,0.00%,123268,0.00%,52734591,1.27%
AD1,73992978,柏瑞巨輪貨幣市場基金,0,0.00%,0,0.00%,0,0.00%,4262751,0.08%,2131383,0.04%,0,0.00%,166014,0.00%,6560148,0.12%
AE23,99353053,柏瑞旗艦全球平衡組合基金,119087,0.00%,0,0.00%,0,0.00%,12492084,0.42%,2950792,0.10%,0,0.00%,84029,0.00%,15645992,0.53%
AE21,29229530,柏瑞旗艦全球成長組合基金,0,0.00%,0,0.00%,0,0.00%,10393725,0.64%,1611613,0.10%,0,0.00%,49442,0.00%,12054780,0.75%
AE22,21709584,柏瑞旗艦全球債券組合基金 (本基金有一定比例之投資包含高風險非投資等級債券基金且本基金配息來源可能為本金),2567,0.00%,0,0.00%,0,0.00%,2130521,0.66%,321671,0.10%,0,0.00%,33508,0.01%,2488267,0.77%
AE23,48570676,柏瑞全球金牌組合基金,17968,0.00%,0,0.00%,0,0.00%,2092265,0.40%,523056,0.10%,0,0.00%,31417,0.01%,2664706,0.51%
AA2,48807089,柏瑞拉丁美洲基金,1101304,0.15%,53725,0.01%,0,0.00%,8838116,1.20%,1473021,0.20%,0,0.00%,76631,0.01%,11542797,1.57%
AC21,48873398,柏瑞美國雙核心收益基金 (基金之配息來源可能為本金),0,0.00%,0,0.00%,0,0.00%,6837600,0.59%,1243687,0.11%,0,0.00%,146203,0.01%,8227490,0.70%
AC23,10340936,柏瑞全球策略非投資等級債券基金 (本基金之配息來源可能為本金),0,0.00%,0,0.00%,0,0.00%,125701902,0.97%,22440593,0.17%,0,0.00%,317736,0.00%,148460231,1.15%
AC23,25682798,柏瑞新興市場非投資等級債券基金 (本基金之配息來源可能為本金),0,0.00%,0,0.00%,0,0.00%,8541845,1.13%,1306451,0.17%,0,0.00%,220416,0.03%,10068712,1.33%
AC21,31827266,柏瑞ESG新興市場企業策略債券基金 (本基金有相當比重投資於非投資等級之高風險債券且配息來源可能為本金),0,0.00%,0,0.00%,0,0.00%,8738016,0.97%,1505818,0.17%,0,0.00%,127189,0.01%,10371023,1.15%
AC21,38495354,柏瑞新興亞太策略債券基金 (本基金有相當比重投資於非投資等級之高風險債券且配息來源可能為本金),0,0.00%,0,0.00%,0,0.00%,15196138,0.88%,2877245,0.17%,0,0.00%,158858,0.01%,18232241,1.05%
AA2,38547873,柏瑞亞洲亮點股票基金,577942,0.14%,384066,0.10%,0,0.00%,4807003,1.20%,798281,0.20%,0,0.00%,202017,0.05%,6769309,1.69%
AC23,42329391,柏瑞亞太非投資等級債券基金 (本基金之配息來源可能為本金),0,0.00%,0,0.00%,0,0.00%,24916764,1.13%,3813224,0.17%,0,0.00%,177045,0.01%,28907033,1.31%
AE23,42383802,柏瑞環球多元資產基金 (本基金配息來源可能為本金),165721,0.03%,4387,0.00%,0,0.00%,4148325,0.79%,504577,0.10%,0,0.00%,78963,0.02%,4901973,0.94%
AA2,42468457,柏瑞特別股息收益基金 (本基金並無保證收益及配息且配息來源可能為本金),2585410,0.01%,2026,0.00%,0,0.00%,516302769,1.20%,80529456,0.19%,0,0.00%,284144,0.00%,599703805,1.39%
AJ2,42551758,柏瑞多重資產特別收益基金 (本基金有相當比重投資於非投資等級之高風險債券且配息來源可能為本金),308505,0.00%,507,0.00%,0,0.00%,140796246,1.12%,22609834,0.18%,0,0.00%,245027,0.00%,163960119,1.30%
AA2,73678302,柏瑞中國A股量化精選基金,657320,0.11%,260953,0.04%,0,0.00%,8284846,1.33%,1159877,0.19%,0,0.00%,131483,0.02%,10494479,1.69%
AC23,76306086,柏瑞新興邊境非投資等級債券基金 (本基金之配息來源可能為本金),0,0.00%,0,0.00%,0,0.00%,8684272,1.13%,1379226,0.18%,0,0.00%,151703,0.02%,10215201,1.33%
AJ2,76547331,柏瑞新興動態多重資產基金 (本基金有相當比重投資於非投資等級之高風險債券且配息來源可能為本金),280357,0.05%,203384,0.04%,0,0.00%,5992456,1.10%,947049,0.17%,0,0.00%,333172,0.06%,7756418,1.42%
AC21,76886182,柏瑞ESG量化債券基金 (本基金有一定比重得投資於非投資等級之高風險債券且配息來源可能為本金),833251,0.01%,4257,0.00%,0,0.00%,120051353,0.84%,19005473,0.13%,0,0.00%,288923,0.00%,140183257,0.98%
AJ2,88110832,柏瑞ESG量化多重資產基金 (本基金有相當比重投資於非投資等級之高風險債券且配息來源可能為本金),1102212,0.02%,1028218,0.02%,0,0.00%,60118141,1.13%,9548230,0.18%,0,0.00%,244643,0.00%,72041444,1.36%
AC21,88172061,柏瑞全球策略量化債券基金 (本基金有一定比重得投資於非投資等級之高風險債券且配息來源可能為本金),166560,0.01%,897,0.00%,0,0.00%,22557499,0.87%,3470369,0.13%,0,0.00%,191988,0.01%,26387313,1.01%
AA2,88194298,柏瑞ESG量化全球股票收益基金 (本基金配息來源可能為本金),877607,0.05%,878712,0.05%,0,0.00%,21299067,1.11%,3580088,0.19%,0,0.00%,196039,0.01%,26831513,1.40%
AJ2,88256272,柏瑞趨勢動態多重資產基金 (本基金有相當比重投資於非投資等級之高風險債券且配息來源可能為本金),779371,0.02%,262050,0.01%,0,0.00%,45813771,1.08%,7354261,0.17%,0,0.00%,167602,0.00%,54377055,1.28%
AA2,88341812,柏瑞ESG減碳全球股票基金,147309,0.01%,114364,0.01%,0,0.00%,15617449,1.16%,2515754,0.19%,0,0.00%,121252,0.01%,18516128,1.37%
AJ2,88395767,柏瑞利率對策多重資產基金 (本基金有相當比重投資於非投資等級之高風險債券且配息來源可能為本金),20603,0.00%,80,0.00%,0,0.00%,9529506,1.10%,1494842,0.17%,0,0.00%,145818,0.02%,11190849,1.30%
AJ2,93113916,柏瑞科技多重資產基金 (本基金有相當比重投資於非投資等級之高風險債券且配息來源可能為本金),112588,0.00%,80371,0.00%,0,0.00%,34953484,1.13%,5551407,0.18%,0,0.00%,194961,0.01%,40892811,1.32%
AJ2,603076,柏瑞日本多重資產基金 (本基金配息來源可能為本金),600482,0.01%,0,0.00%,0,0.00%,51212383,1.11%,8261594,0.18%,0,0.00%,257218,0.01%,60331677,1.31%
AJ2,610626,柏瑞美利堅多重資產收益基金 (本基金有相當比重投資於非投資等級之高風險債券且配息來源可能為本金),159459,0.01%,0,0.00%,0,0.00%,30111533,1.19%,4374645,0.17%,0,0.00%,155201,0.01%,34800838,1.38%
AA1,81587889,復華復華基金,29825894,0.27%,45056634,0.41%,0,0.00%,116385531,1.07%,10183737,0.09%,0,0.00%,78706,0.00%,201530502,1.84%
AD1,73980446,復華貨幣市場基金,0,0.00%,0,0.00%,0,0.00%,11466001,0.07%,5733009,0.03%,0,0.00%,722911,0.00%,17921921,0.10%
AA1,73998086,復華高成長基金,37185879,0.25%,54070549,0.36%,0,0.00%,158702036,1.07%,14878318,0.10%,0,0.00%,78696,0.00%,264915478,1.78%
AB1,17138818,復華傳家基金,16523292,0.21%,23009531,0.29%,0,0.00%,62862295,0.80%,7857784,0.10%,0,0.00%,99005,0.00%,110351907,1.40%
AD1,17597405,復華有利貨幣市場基金,0,0.00%,0,0.00%,0,0.00%,1916387,0.07%,958199,0.03%,0,0.00%,212989,0.01%,3087575,0.11%
AA1,17608487,復華數位經濟基金,23222359,0.38%,36468014,0.59%,0,0.00%,65778700,1.07%,5755636,0.09%,0,0.00%,78746,0.00%,131303455,2.13%
AB1,18035945,復華傳家二號基金,75621107,0.37%,111610217,0.55%,0,0.00%,162064004,0.80%,16206406,0.08%,0,0.00%,101575,0.00%,365603309,1.80%
AA1,18488279,復華中小精選基金,43019890,0.25%,65984624,0.38%,0,0.00%,184050228,1.07%,17254695,0.10%,0,0.00%,78996,0.00%,310388433,1.80%
AC21,14916692,復華全球債券基金 (本基金有一定比重得投資於非投資等級之高風險債券),892523,0.02%,4960,0.00%,0,0.00%,28779112,0.67%,4608557,0.11%,0,0.00%,79393,0.00%,34364545,0.79%
AB1,15742001,復華人生目標基金,52280244,0.37%,77305035,0.55%,0,0.00%,112077468,0.80%,11207733,0.08%,0,0.00%,101085,0.00%,252971565,1.80%
AB2,99034755,復華全球平衡基金 (本基金有相當比重投資於非投資等級之高風險債券),267858567,1.21%,101571020,0.46%,0,0.00%,220316002,1.00%,36719314,0.17%,0,0.00%,208170,0.00%,626673073,2.84%
AB1,99607599,復華神盾基金,13247381,0.22%,19493535,0.33%,0,0.00%,47092161,0.80%,3728144,0.06%,0,0.00%,108564,0.00%,83669785,1.42%
AE23,99985163,復華奧林匹克全球組合基金 (本基金有相當比重投資於持有非投資等級高風險債券之基金),297778,0.01%,1892,0.00%,0,0.00%,27283771,0.67%,3546879,0.09%,0,0.00%,82461,0.00%,31212781,0.76%
AA1,21759676,復華全方位基金,33674844,0.35%,47221598,0.48%,0,0.00%,103702457,1.06%,9081839,0.09%,0,0.00%,80776,0.00%,193761514,1.99%
AB2,48733658,復華亞太平衡基金 (本基金有相當比重投資於非投資等級之高風險債券),18556046,1.02%,11588001,0.64%,0,0.00%,18120338,1.00%,2174434,0.12%,0,0.00%,225549,0.01%,50664368,2.79%
AE22,48782931,復華全球債券組合基金 (本基金有相當比重投資於持有非投資等級高風險債券之基金),45079,0.00%,0,0.00%,0,0.00%,21203418,0.67%,2544404,0.08%,0,0.00%,78541,0.00%,23871442,0.75%
AA2,48837540,復華亞太成長基金,38335111,0.78%,22113993,0.45%,0,0.00%,65580208,1.33%,8525439,0.17%,0,0.00%,342622,0.01%,134897373,2.74%
AG,48898525,復華全球資產證券化基金 (基金之配息來源可能為本金),5640230,0.27%,2085032,0.10%,0,0.00%,22206499,1.06%,3477409,0.17%,0,0.00%,180410,0.01%,33589580,1.61%
AE23,48952512,復華奧林匹克全球優勢組合基金 (本基金有相當比重投資於持有非投資等級高風險債券之基金且基金之配息來源可能為本金),4194375,0.06%,318172,0.00%,0,0.00%,39386766,0.53%,6382217,0.09%,0,0.00%,129795,0.00%,50411325,0.68%
AA2,10300441,復華全球大趨勢基金,109577128,0.85%,38086435,0.29%,0,0.00%,172128756,1.33%,22376749,0.17%,0,0.00%,235976,0.00%,342405044,2.65%
AA2,10374246,復華華人世紀基金,274819207,1.38%,115067157,0.58%,0,0.00%,238859962,1.20%,34501984,0.17%,0,0.00%,347505,0.00%,663595815,3.33%
AC21,25590496,復華全球短期收益基金 (本基金有一定比重得投資於非投資等級之高風險債券),200473,0.01%,0,0.00%,0,0.00%,5643390,0.40%,1316779,0.09%,0,0.00%,80341,0.01%,7240983,0.51%
AE23,25620891,復華高益策略組合基金 (本基金有相當比重投資於持有非投資等級高風險債券之基金),143432,0.01%,994,0.00%,0,0.00%,13731911,0.87%,1464957,0.09%,0,0.00%,108315,0.01%,15449609,0.98%
AA2,25676249,復華全球原物料基金,17140706,1.07%,3530408,0.22%,0,0.00%,21324046,1.33%,2558887,0.16%,0,0.00%,221540,0.01%,44775587,2.79%
AE23,26204036,復華新興債股動力組合基金,891515,0.06%,219899,0.01%,0,0.00%,12516538,0.80%,1450744,0.09%,0,0.00%,88721,0.01%,15167417,0.97%
AA2,26276235,復華大中華中小策略基金,3315297,0.29%,3509216,0.31%,0,0.00%,14997008,1.33%,1799642,0.16%,0,0.00%,240938,0.02%,23862101,2.12%
AC21,26305800,復華新興市場短期收益基金 (本基金有相當比重投資於非投資等級之高風險債券),14250,0.00%,0,0.00%,0,0.00%,7417546,0.63%,1246745,0.11%,0,0.00%,70623,0.01%,8749164,0.75%
AC23,26305816,復華新興市場非投資等級債券基金 (基金之配息來源可能為本金),10265,0.00%,0,0.00%,0,0.00%,5422263,0.90%,1004126,0.17%,0,0.00%,199750,0.03%,6636404,1.10%
AA2,26334404,復華東協世紀基金,812495,0.21%,462075,0.12%,0,0.00%,5202306,1.33%,624265,0.16%,0,0.00%,180106,0.05%,7281247,1.86%
AH21,31835478,復華滬深300 A股基金,261353,0.03%,112040,0.01%,1025336,0.14%,3748727,0.50%,499835,0.07%,0,0.00%,754558,0.10%,4351177,0.58%
AC21,31901878,復華南非幣短期收益基金 (本基金有一定比重得投資於非投資等級之高風險債券且基金之配息來源可能為本金),0,0.00%,0,0.00%,0,0.00%,4761886,0.67%,761902,0.11%,0,0.00%,107291,0.02%,5631079,0.79%
AC21,31901899,復華南非幣長期收益基金 (本基金有一定比重得投資於非投資等級之高風險債券且基金之配息來源可能為本金),0,0.00%,0,0.00%,0,0.00%,6635376,0.80%,1050601,0.13%,0,0.00%,113676,0.01%,7799653,0.94%
AA2,31980113,復華全球消費基金,1352693,0.36%,390531,0.10%,0,0.00%,5000458,1.33%,652041,0.17%,0,0.00%,171273,0.05%,7566996,2.01%
AA2,31980129,復華美國新星基金,28066786,0.67%,9230334,0.22%,0,0.00%,55374709,1.33%,4153101,0.10%,0,0.00%,241234,0.01%,97066164,2.33%
AE23,38547000,復華全球戰略配置強基金 (本基金有相當比重投資於持有非投資等級高風險債券之基金),309032,0.01%,1520,0.00%,0,0.00%,19493381,0.77%,2363789,0.09%,0,0.00%,64694,0.00%,22232416,0.88%
AB2,42303499,復華中國新經濟平衡基金 (本基金有相當比重投資於非投資等級之高風險債券且基金之配息來源可能為本金),29099624,1.21%,10499177,0.44%,0,0.00%,25579297,1.07%,3836887,0.16%,0,0.00%,162409,0.01%,69177394,2.88%
AA2,42303511,復華中國新經濟A股基金,25484526,0.68%,10907323,0.29%,0,0.00%,49773130,1.33%,6479667,0.17%,0,0.00%,613342,0.02%,93257988,2.49%
AH23,42329863,復華恒生單日正向二倍基金,1680672,0.08%,0,0.00%,3526854,0.17%,13372583,0.63%,2392995,0.11%,0,0.00%,999516,0.05%,14918912,0.71%
AH23,42329879,復華恒生單日反向一倍基金,74216,0.04%,0,0.00%,10390,0.01%,1117025,0.63%,199890,0.11%,0,0.00%,457498,0.26%,1838239,1.04%
AA2,42400078,復華全球物聯網科技基金,219966899,0.69%,99835563,0.31%,0,0.00%,426499321,1.33%,55444910,0.17%,0,0.00%,185937,0.00%,801932630,2.50%
AE1,42450246,復華台灣智能基金,63951,0.00%,0,0.00%,0,0.00%,102901208,0.62%,12140900,0.07%,0,0.00%,82144,0.00%,115188203,0.69%
AH22,42529932,復華1至5年期非投資等級債券基金 (基金之配息來源可能為收益平準金),0,0.00%,0,0.00%,0,0.00%,6975633,0.20%,2325198,0.07%,0,0.00%,1538571,0.04%,10839402,0.31%
AH25,42529948,復華富時不動產證券化基金 (基金之配息來源可能為收益平準金),43703130,0.10%,309133,0.00%,22107406,0.05%,73570364,0.17%,23542517,0.05%,0,0.00%,15671124,0.04%,134688862,0.30%
AH22,42529953,復華新興市場10年期以上債券基金 (基金之配息來源可能為收益平準金),0,0.00%,0,0.00%,0,0.00%,34942493,0.23%,9983587,0.07%,0,0.00%,5665370,0.04%,50591450,0.34%
AA2,72938499,復華亞太神龍科技基金,132185382,0.79%,51264485,0.31%,0,0.00%,222003034,1.33%,28860397,0.17%,0,0.00%,241036,0.00%,434554334,2.61%
AH11,72957164,復華富時台灣高股息低波動基金 (基金之配息來源可能為收益平準金且本基金並無保證收益及配息),2688337,0.13%,6415577,0.30%,5421007,0.26%,5356127,0.25%,494621,0.02%,0,0.00%,936698,0.04%,10470353,0.49%
AH22,73688934,復華15年期以上製藥業債券ETF基金 (基金之配息來源可能為收益平準金),0,0.00%,0,0.00%,0,0.00%,6943556,0.27%,1909480,0.07%,0,0.00%,1387393,0.05%,10240429,0.39%
AH22,73688977,復華15年期以上能源業債券ETF基金 (基金之配息來源可能為收益平準金),0,0.00%,0,0.00%,0,0.00%,760526,0.27%,209128,0.07%,0,0.00%,535627,0.19%,1505281,0.53%
AH22,73689048,復華新興市場企業債券ETF基金 (基金之配息來源可能為收益平準金),0,0.00%,0,0.00%,0,0.00%,40122959,0.17%,9629516,0.04%,0,0.00%,6745302,0.03%,56497777,0.23%
AH22,74424708,復華美國20年期以上公債ETF基金 (基金之配息來源可能為收益平準金),0,0.00%,0,0.00%,0,0.00%,24688829,0.07%,12344415,0.03%,0,0.00%,4227132,0.01%,41260376,0.11%
AH22,74726020,復華1至5年期美元特選信用債券ETF基金 (基金之配息來源可能為收益平準金),0,0.00%,0,0.00%,0,0.00%,26232925,0.17%,8394509,0.05%,0,0.00%,4491553,0.03%,39118987,0.25%
AH22,74726062,復華20年期以上A3級以上公司債券ETF基金 (基金之配息來源可能為收益平準金),0,0.00%,0,0.00%,0,0.00%,28349244,0.13%,8504777,0.04%,0,0.00%,4846686,0.02%,41700707,0.20%
AC21,73723952,復華十年到期新興市場債券基金 (本基金有相當比重投資於非投資等級之高風險債券且基金之配息來源可能為本金),0,0.00%,0,0.00%,0,0.00%,45778454,0.57%,5924268,0.07%,0,0.00%,79533,0.00%,51782255,0.64%
AC21,75983209,復華十年到期精選新興市場債券基金 (本基金有相當比重投資於非投資等級之高風險債券且基金之配息來源可能為本金),0,0.00%,0,0.00%,0,0.00%,11749018,0.55%,1557112,0.07%,0,0.00%,79533,0.00%,13385663,0.63%
AI2,76330641,復華美元非投資等級債券指數基金 (基金之配息來源可能為本金),0,0.00%,0,0.00%,0,0.00%,24301578,0.47%,3471640,0.07%,0,0.00%,1963249,0.04%,29736467,0.57%
AI2,76330678,復華5至10年期投資等級債券指數基金,0,0.00%,0,0.00%,0,0.00%,84128578,0.33%,13460556,0.05%,0,0.00%,9121708,0.04%,106710842,0.42%
AI2,76330804,復華已開發國家300股票指數基金,13429349,0.04%,1225388,0.00%,11714139,0.04%,125065486,0.40%,20844240,0.07%,0,0.00%,11267263,0.04%,160117587,0.51%
AI2,76918620,復華美國標普500低波動指數基金,640282,0.13%,4593,0.00%,314249,0.06%,2002058,0.40%,533894,0.11%,0,0.00%,510793,0.10%,3377371,0.67%
AI2,76918656,復華新興亞洲3至10年期美元債券指數基金 (本基金有相當比重投資於非投資等級之高風險債券),0,0.00%,0,0.00%,0,0.00%,5957178,0.40%,1588591,0.11%,0,0.00%,774030,0.05%,8319799,0.56%
AI2,76918662,復華新興市場3年期以上美元主權及類主權債券指數基金 (本基金有相當比重投資於非投資等級之高風險債券),0,0.00%,0,0.00%,0,0.00%,14481821,0.40%,2413631,0.07%,0,0.00%,1355875,0.04%,18251327,0.50%
AH21,78744463,復華中國5G通信ETF基金,4325178,0.08%,1176659,0.02%,8933476,0.17%,30688686,0.60%,3409857,0.07%,0,0.00%,1730967,0.03%,32397871,0.63%
AA1,88122295,復華台灣好收益基金,17399370,0.38%,27853118,0.60%,0,0.00%,49394390,1.07%,3576751,0.08%,0,0.00%,70109,0.00%,98293738,2.12%
AH21,88391777,復華美國標普500成長ETF基金,3433982,0.02%,32851,0.00%,3293810,0.02%,37448425,0.27%,10298323,0.07%,0,0.00%,6420606,0.05%,54340377,0.39%
AH11,88399314,復華台灣科技優息ETF基金 (基金之配息來源可能為收益平準金且本基金並無保證收益及配息),262130801,0.20%,509273012,0.40%,254330518,0.20%,255784497,0.20%,25578476,0.02%,0,0.00%,30519515,0.02%,828955783,0.65%
AC21,93151024,復華三至八年機動到期A級債券美元基金,0,0.00%,0,0.00%,0,0.00%,2533856,0.33%,608123,0.08%,0,0.00%,76269,0.01%,3218248,0.42%
AC21,93151066,復華三至八年機動到期A級債券台幣基金,0,0.00%,0,0.00%,0,0.00%,6742575,0.33%,1618213,0.08%,0,0.00%,77890,0.00%,8438678,0.42%
AA1,93212009,復華台灣科技高股息基金 (本基金並無保證收益及配息),11363260,0.25%,18258024,0.40%,0,0.00%,49170406,1.07%,3889663,0.08%,0,0.00%,80821,0.00%,82762174,1.79%
AH21,93220253,復華日本護城河優勢龍頭企業ETF基金,2251989,0.06%,0,0.00%,1745991,0.04%,15603429,0.40%,3900870,0.10%,0,0.00%,2361951,0.06%,22372248,0.57%
AL11,649777,復華台灣未來50主動式ETF基金 (基金之配息來源可能為收益平準金),158088563,0.34%,198653049,0.43%,168600984,0.36%,275140818,0.59%,11542769,0.02%,0,0.00%,3373691,0.01%,478197906,1.02%
AL21,664973,復華全球金融股票入息主動式ETF基金 (基金之配息來源可能為收益平準金且該基金並無保證收益及配息),17338363,0.53%,14277587,0.44%,2962189,0.09%,16548422,0.51%,1930650,0.06%,0,0.00%,59536,0.00%,47192369,1.44%
AL22,664988,復華全球金融債券入息主動式ETF基金 (本基金有一定比重得投資於非投資等級之高風險債券且本基金並無保證收益及配息),1250982,0.05%,14266,0.00%,0,0.00%,7846172,0.30%,1115352,0.04%,0,0.00%,60584,0.00%,10287356,0.39%
AI1,683789,復華台灣菁英50指數基金,915472,0.10%,0,0.00%,223317,0.03%,1070770,0.12%,45891,0.01%,0,0.00%,167685,0.02%,1976501,0.22%
AI2,683795,復華全球創新金融指數基金,1286642,0.10%,417243,0.03%,82150,0.01%,2724708,0.21%,363296,0.03%,0,0.00%,195612,0.01%,4905351,0.37%
AI2,683802,復華全球AI動力成長指數基金,2733064,0.10%,0,0.00%,90471,0.00%,5563793,0.21%,741841,0.03%,0,0.00%,381946,0.01%,9330173,0.35%
AL21,672586,復華全球未來50主動式ETF基金,15396649,0.08%,916695,0.01%,0,0.00%,8346525,0.05%,748292,0.00%,0,0.00%,103672,0.00%,25511833,0.14%
AA1,81594690,永豐永豐基金,7414101,0.25%,11138364,0.37%,0,0.00%,31523146,1.05%,2985185,0.10%,0,0.00%,149806,0.01%,53210602,1.78%
AD1,73982015,永豐貨幣市場基金,0,0.00%,0,0.00%,0,0.00%,16836816,0.05%,10286753,0.03%,0,0.00%,676938,0.00%,27800507,0.08%
AA1,73992013,永豐領航科技基金,3079768,0.21%,4870308,0.33%,0,0.00%,17307400,1.17%,1780078,0.12%,0,0.00%,114178,0.01%,27151732,1.83%
AA1,13998344,永豐中小基金,5173723,0.25%,7829663,0.38%,0,0.00%,21866569,1.06%,2054291,0.10%,0,0.00%,138092,0.01%,37062338,1.80%
AB1,14706582,永豐趨勢平衡基金,1287968,0.18%,2110394,0.30%,0,0.00%,5672356,0.80%,567127,0.08%,0,0.00%,120706,0.02%,9758551,1.37%
AA2,48890039,永豐主流品牌基金,327125,0.13%,194644,0.08%,0,0.00%,3233765,1.33%,420284,0.17%,0,0.00%,148716,0.06%,4324534,1.78%
AA2,25599877,永豐亞洲民生消費基金,622605,0.30%,522310,0.25%,0,0.00%,2766314,1.33%,359520,0.17%,0,0.00%,863834,0.42%,5134583,2.47%
AE22,26304859,永豐新興市場及非投資等級雙債組合基金 (本基金主要投資於高風險非投資等級債券基金且基金之配息來源可能為本金),8140,0.00%,0,0.00%,0,0.00%,1376701,0.73%,174981,0.09%,0,0.00%,114988,0.06%,1674810,0.89%
AH11,26332314,永豐臺灣加權ETF基金,241324,0.08%,408086,0.14%,0,0.00%,625601,0.21%,68310,0.02%,0,0.00%,427964,0.15%,1771285,0.60%
AA2,31812778,永豐中國經濟建設基金,1221905,0.22%,1004183,0.18%,0,0.00%,6515130,1.20%,940862,0.17%,0,0.00%,954160,0.18%,10636240,1.96%
AC21,31909604,永豐新興市場企業債券基金 (本基金可投資於相當比例非投資等級之高風險債券且基金之配息來源可能為本金),5856,0.00%,0,0.00%,0,0.00%,2680542,1.06%,435085,0.17%,0,0.00%,149465,0.06%,3270948,1.30%
AI2,31977594,永豐滬深300紅利指數基金,366833,0.03%,211719,0.02%,0,0.00%,8788842,0.67%,1933252,0.15%,0,0.00%,1749505,0.13%,13050151,0.99%
AE23,72955567,永豐全球多元入息基金 (本基金有相當比重投資於非投資等級之高風險債券基金且配息來源可能為本金),46689,0.03%,445,0.00%,0,0.00%,1139901,0.82%,138990,0.10%,0,0.00%,147146,0.11%,1473171,1.05%
AH22,75981027,永豐10年期以上美元A級公司債券ETF基金,0,0.00%,0,0.00%,0,0.00%,21913465,0.13%,6573958,0.04%,0,0.00%,3060865,0.02%,31548288,0.19%
AH22,76340768,永豐1至3年期美國公債ETF基金,0,0.00%,0,0.00%,0,0.00%,192511,0.07%,157491,0.06%,0,0.00%,104436,0.04%,454438,0.17%
AH22,76340774,永豐20年期以上美國公債ETF基金,0,0.00%,0,0.00%,0,0.00%,9167561,0.07%,5500501,0.04%,0,0.00%,1498167,0.01%,16166229,0.12%
AH21,76340789,永豐美國大型500股票ETF基金,1820117,0.04%,32875,0.00%,1239475,0.03%,8539803,0.20%,5977812,0.14%,0,0.00%,1744520,0.04%,16875652,0.39%
AA1,77074486,永豐臺灣ESG永續優選基金,922976,0.20%,1496854,0.32%,0,0.00%,3713446,0.80%,371122,0.08%,0,0.00%,80972,0.02%,6585370,1.42%
AH21,88171696,永豐中國科技50大ETF基金,5843978,0.09%,2515558,0.04%,10856325,0.17%,32052327,0.50%,5128279,0.08%,0,0.00%,2020852,0.03%,36704669,0.57%
AH11,88171719,永豐台灣ESG永續優質ETF基金,18875568,0.16%,16142492,0.13%,31620850,0.26%,20116866,0.17%,2413921,0.02%,0,0.00%,4358909,0.04%,30286906,0.25%
AH21,88172098,永豐美國科技ETF基金,118721,0.07%,1104,0.00%,0,0.00%,422576,0.23%,253489,0.14%,0,0.00%,476907,0.26%,1272797,0.70%
AH11,88255098,永豐台灣智能車供應鏈ETF基金,1269816,0.05%,3184105,0.13%,3203363,0.13%,6662127,0.27%,583372,0.02%,0,0.00%,1202964,0.05%,9699021,0.39%
AH11,88313702,永豐台灣優選入息存股ETF基金,2712315,0.10%,5883118,0.21%,4128814,0.15%,8236101,0.30%,640474,0.02%,0,0.00%,1228895,0.04%,14572089,0.53%
AA2,88321772,永豐ESG全球數位基礎建設基金 (本基金配息來源可能為本金),315997,0.07%,58149,0.01%,0,0.00%,5818240,1.20%,838668,0.17%,0,0.00%,84127,0.02%,7115181,1.46%
AC21,88396169,永豐全球基礎建設及公用事業投資等級債券基金 (本基金有一定比重得投資於非投資等級之高風險債券且配息來源可能為本金),0,0.00%,0,0.00%,0,0.00%,3326330,0.80%,636713,0.15%,0,0.00%,87692,0.02%,4050735,0.97%
AH11,93104629,永豐台灣ESG低碳高息40ETF基金,7396926,0.20%,16634486,0.46%,11367349,0.31%,9649400,0.27%,844212,0.02%,0,0.00%,1465928,0.04%,24623603,0.68%
AC21,93149463,永豐四年到期美國優質投資等級債券基金 (本基金配息來源可能為本金),0,0.00%,0,0.00%,0,0.00%,3257647,0.33%,781478,0.08%,0,0.00%,86225,0.01%,4125350,0.42%
AJ2,93216531,永豐創新醫療多重資產基金 (本基金有相當比重投資於非投資等級之高風險債券且配息來源可能為本金),576038,0.07%,7083,0.00%,0,0.00%,9178996,1.16%,1371656,0.17%,0,0.00%,108534,0.01%,11242307,1.42%
AH22,513624,永豐15年期以上ESG投資等級美元銀行債ETF基金 (本基金之配息來源可能為收益平準金),0,0.00%,0,0.00%,0,0.00%,3266917,0.23%,1119991,0.08%,0,0.00%,823180,0.06%,5210088,0.37%
AC21,527444,永豐三至六年機動到期成熟市場優先順位投資級債券基金 (本基金配息來源可能為本金),0,0.00%,0,0.00%,0,0.00%,2326791,0.33%,558038,0.08%,0,0.00%,86216,0.01%,2971045,0.42%
AL11,687032,永豐台灣科技趨勢主動式ETF基金 (本基金之配息來源可能為收益平準金),3304865,0.16%,3479924,0.17%,6174556,0.30%,2255673,0.11%,78929,0.00%,0,0.00%,175927,0.01%,3120762,0.15%
AD1,80907786,中國信託華盈貨幣市場基金,0,0.00%,0,0.00%,0,0.00%,43648685,0.07%,17459467,0.03%,0,0.00%,1833518,0.00%,62941670,0.10%
AA1,48893417,中國信託台灣活力基金,1216907,0.11%,1845209,0.17%,0,0.00%,11624688,1.06%,1089816,0.10%,0,0.00%,83474,0.01%,15860094,1.45%
AB2,42443702,中國信託樂齡收益平衡基金 (本基金有相當比重投資於非投資等級之高風險債券且本基金之配息來源可能為本金),30841,0.01%,1942,0.00%,0,0.00%,2809797,1.13%,446259,0.18%,0,0.00%,83274,0.03%,3372113,1.36%
AA2,72964670,中國信託智慧城市建設基金,424349,0.19%,77851,0.04%,0,0.00%,2937741,1.33%,396598,0.18%,0,0.00%,86592,0.04%,3923131,1.78%
AH23,73680567,中國信託MSCI中國外資自由投資50不含A及B股單日正向2倍ETF基金,8738054,0.11%,47337,0.00%,6247084,0.08%,46657933,0.61%,10216363,0.13%,0,0.00%,4836192,0.06%,64248795,0.84%
AH21,73680588,中國信託MSCI中國外資自由投資50不含A及B股ETF基金,4313042,0.06%,1470755,0.02%,6246883,0.09%,48203596,0.66%,8764279,0.12%,0,0.00%,4238976,0.06%,60743765,0.83%
AH22,74707446,中國信託10年期以上高評級美元公司債券ETF基金 (本基金之配息來源可能為收益平準金),0,0.00%,0,0.00%,0,0.00%,155218675,0.13%,62087467,0.05%,0,0.00%,19852268,0.02%,237158410,0.20%
AH22,74707494,中國信託10年期以上優先順位金融債券ETF基金 (本基金之配息來源可能為收益平準金),0,0.00%,0,0.00%,0,0.00%,124057708,0.13%,37217309,0.04%,0,0.00%,15936006,0.02%,177211023,0.19%
AH22,75959067,中國信託美國政府20年期以上債券ETF基金,0,0.00%,0,0.00%,0,0.00%,23262534,0.05%,14836103,0.03%,0,0.00%,3265562,0.01%,41364199,0.09%
AH22,76317984,中國信託美國高評級市政債券ETF基金 (本子基金並無保證收益及配息),0,0.00%,0,0.00%,0,0.00%,425736,0.20%,141911,0.07%,0,0.00%,451589,0.21%,1019236,0.48%
AH22,76317990,中國信託新興市場0-5年期美元政府債券ETF基金 (本子基金有 一定 比重投資於非投資等級之高風險債券 且基金並無保證收益及配息),0,0.00%,0,0.00%,0,0.00%,33865977,0.19%,10885500,0.06%,0,0.00%,4720467,0.03%,49471944,0.27%
AH22,76318219,中國信託新興亞洲(不含中國)美元精選綜合債券ETF基金 (本子基金有一定比重投資於非投資等級之高風險債券且基金並無保證收益及配息),0,0.00%,0,0.00%,0,0.00%,10912863,0.23%,2806170,0.06%,0,0.00%,1664983,0.04%,15384016,0.33%
AH22,76348728,中國信託美國政府0至1年期債券ETF基金 (本基金之配息來源可能為收益平準金),0,0.00%,0,0.00%,0,0.00%,3906237,0.07%,2343733,0.04%,0,0.00%,800968,0.01%,7050938,0.12%
AH22,76348733,中國信託10年期以上電信業美元公司債券ETF基金 (本基金之配息來源可能為收益平準金),0,0.00%,0,0.00%,0,0.00%,30071018,0.17%,10825576,0.06%,0,0.00%,4085533,0.02%,44982127,0.25%
AH22,76348749,中國信託20年期以上BBB級美元公司債券ETF基金 (本基金之配息來源可能為收益平準金),0,0.00%,0,0.00%,0,0.00%,50425682,0.19%,14407337,0.05%,0,0.00%,6666540,0.02%,71499559,0.26%
AJ2,77553985,中國信託亞太實質收息多重資產基金 (本基金之配息來源可能為本金),782578,0.63%,182357,0.15%,0,0.00%,1499263,1.20%,208230,0.17%,0,0.00%,92762,0.07%,2765190,2.21%
AA2,88095895,中國信託越南機會基金,39904656,0.27%,8201467,0.06%,0,0.00%,192152362,1.32%,27139843,0.19%,0,0.00%,969191,0.01%,268367519,1.85%
AH22,88134166,中國信託15年期以上新興市場美元主權低碳債券ETF基金 (本基金非屬環境、社會及治理相關主題基金),0,0.00%,0,0.00%,0,0.00%,4510455,0.20%,2405584,0.11%,0,0.00%,879451,0.04%,7795490,0.35%
AH21,88134187,中國信託恒生中國高股息ETF基金 (本子基金之配息來源可能為收益平準金且基金並無保證收益及配息),83127743,0.25%,37463617,0.11%,24512891,0.07%,99081524,0.30%,35228989,0.11%,0,0.00%,13466048,0.04%,243855030,0.74%
AH11,88182265,中國信託臺灣ESG永續關鍵半導體ETF基金,65139028,0.14%,97445688,0.21%,73319080,0.16%,122503538,0.27%,10719057,0.02%,0,0.00%,27803857,0.06%,250292088,0.54%
AH11,88195183,中國信託特選小資高價30ETF基金,5649174,0.09%,11054438,0.19%,3649071,0.06%,15811953,0.27%,1383556,0.02%,0,0.00%,1945474,0.03%,32195524,0.54%
AH11,88231049,中國信託臺灣綠能及電動車ETF基金 (本基金非屬環境、社會及治理相關主題基金),8515526,0.11%,12800659,0.16%,14528297,0.18%,20926753,0.27%,1831085,0.02%,0,0.00%,2601642,0.03%,32147368,0.41%
AJ2,88253351,中國信託科技趨勢多重資產基金 (本基金有相當比重投資於非投資等級之高風險債券且本基金之配息來源可能為本金),2537533,0.06%,6226,0.00%,0,0.00%,48893343,1.12%,7547114,0.17%,0,0.00%,99156,0.00%,59083372,1.35%
AH21,88261134,中國信託電池及儲能科技ETF基金,5464190,0.14%,1050160,0.03%,5165847,0.13%,23609019,0.60%,5246449,0.13%,0,0.00%,2483457,0.06%,32687428,0.83%
AJ2,88281188,中國信託 ESG 碳商機多重資產基金 (本基金有相當比重投資於非投資等級之高風險債券且本基金之配息來源可能為本金),225422,0.07%,8160,0.00%,0,0.00%,3824277,1.13%,584881,0.17%,0,0.00%,86563,0.03%,4729303,1.40%
AH11,88319403,中國信託臺灣智慧50ETF基金,1822201,0.11%,3524630,0.21%,990246,0.06%,4296457,0.26%,389195,0.02%,0,0.00%,975886,0.06%,10018123,0.60%
AH21,88326299,中國信託特選金融及數據ETF基金,2471480,0.17%,157883,0.01%,3290498,0.23%,8463449,0.60%,1880762,0.13%,0,0.00%,992063,0.07%,10675139,0.75%
AJ2,88346529,中國信託ESG金融收益多重資產基金 (本基金有相當比重投資於非投資等級之高風險債券且本基金之配息來源可能為本金),934952,0.08%,181809,0.02%,0,0.00%,12909919,1.13%,1987004,0.17%,0,0.00%,111278,0.01%,16124962,1.41%
AH11,88398743,中國信託上櫃ESG 30 ETF基金,1017808,0.10%,1342649,0.14%,2048075,0.21%,2589335,0.27%,226551,0.02%,0,0.00%,639943,0.07%,3768211,0.39%
AJ2,93108097,中國信託成長轉機多重資產基金 (本基金有相當比重投資於非投資等級之高風險債券且本基金之配息來源可能為本金),669369,0.04%,265,0.00%,0,0.00%,16850445,1.13%,2577110,0.17%,0,0.00%,110219,0.01%,20207408,1.35%
AH11,93150242,中國信託臺灣優選成長高股息ETF基金 (基金之配息來源可能為收益平準金 且 基金並無保證收益及配息),9517569,0.09%,20872297,0.20%,9194210,0.09%,21342346,0.20%,2489944,0.02%,0,0.00%,3112387,0.03%,48140333,0.45%
AH21,93176279,中國信託上游半導體ETF基金,7139265,0.06%,322212,0.00%,5434939,0.05%,68081582,0.60%,15129248,0.13%,0,0.00%,6288395,0.06%,91525763,0.80%
AC21,93218524,中國信託高評級策略收益債券基金 (本基金有相當比重投資於非投資等級之高風險債券且本基金之配息來源可能為本金),98910,0.00%,162,0.00%,0,0.00%,20976665,0.80%,3496117,0.13%,0,0.00%,113506,0.00%,24685360,0.94%
AH22,93218545,中國信託15年期以上已開發市場投資級優化收益ESG美元公司債券ETF基金 (本子基金之配息來源可能為收益平準金並無保證收益及配息),0,0.00%,0,0.00%,0,0.00%,50246619,0.13%,15073992,0.04%,0,0.00%,4346898,0.01%,69667509,0.18%
AH21,512630,中國信託日經高股息50 ETF基金 (本子基金之配息來源可能為收益平準金且基金並無保證收益及配息),456057,0.11%,0,0.00%,284520,0.07%,1374935,0.33%,412470,0.10%,0,0.00%,353615,0.09%,2312557,0.56%
AH21,512646,中國信託日本商社及批發ETF基金,8621761,0.10%,0,0.00%,14178489,0.17%,33960821,0.40%,8490222,0.10%,0,0.00%,4880555,0.06%,41774870,0.49%
AH21,512651,中國信託日本半導體ETF基金,3235846,0.18%,0,0.00%,3241684,0.18%,7017142,0.40%,1754283,0.10%,0,0.00%,1213053,0.07%,9978640,0.57%
AH21,527296,中國信託亞太高股息ETF基金 (本子基金之配息來源可能為收益平準金且基金並無保證收益及配息),2714500,0.36%,1343904,0.18%,1674720,0.22%,3460994,0.46%,988850,0.13%,0,0.00%,794222,0.11%,7627750,1.02%
AH21,527303,中國信託全球高股息ETF基金 (本子基金之配息來源可能為收益平準金且本子基金並無保證收益及配息),2049437,0.17%,945063,0.08%,882602,0.07%,5557706,0.47%,1587917,0.13%,0,0.00%,1118053,0.09%,10375574,0.87%
AH21,568922,中國信託NASDAQ 100 ETF基金,920326,0.03%,1482,0.00%,608629,0.02%,7201534,0.20%,3360719,0.09%,0,0.00%,2101495,0.06%,12976927,0.36%
AH21,568937,中國信託美國創新科技ETF基金,1452925,0.10%,5740,0.00%,1067960,0.07%,2890705,0.20%,1156277,0.08%,0,0.00%,980129,0.07%,5417816,0.38%
AA2,568943,中國信託美國聚焦成長基金,1584975,0.11%,5778,0.00%,0,0.00%,16657018,1.17%,1903664,0.13%,0,0.00%,109184,0.01%,20260619,1.42%
AL21,586267,中國信託ARK創新主動式ETF基金,4131983,0.17%,12677,0.00%,3455060,0.14%,16701692,0.67%,2505241,0.10%,0,0.00%,313549,0.01%,20210082,0.81%
AL22,606159,中國信託價值策略非投資等級債券主動式ETF基金 (本子基金之配息來源可能為收益平準金並無保證收益及配息),0,0.00%,0,0.00%,0,0.00%,29039437,0.50%,3871929,0.07%,0,0.00%,340519,0.01%,33251885,0.57%
AJ2,644999,中國信託策略優利多重資產基金 (本基金有相當比重投資於非投資等級之高風險債券且基金配息來源可能為本金及基金並無保證收益及配息),9666221,0.19%,175599,0.00%,0,0.00%,55702878,1.12%,8644189,0.17%,0,0.00%,109184,0.00%,74298071,1.50%
AL11,653201,中國信託台灣卓越成長主動式ETF基金,7871467,0.17%,11314008,0.25%,11305470,0.25%,21684697,0.47%,1012390,0.02%,0,0.00%,403785,0.01%,30980877,0.68%
AJ2,663643,中國信託趨勢領袖多重資產基金 (本基金有相當比重投資於非投資等級之高風險債券且基金配息來源可能為本金),5831374,0.11%,20731,0.00%,0,0.00%,44473495,0.81%,6368867,0.12%,0,0.00%,137983,0.00%,56832450,1.03%
AH21,669317,中國信託美國數據中心及電力ETF 基金,10131217,0.16%,18113,0.00%,12708670,0.20%,15937043,0.25%,3677769,0.06%,0,0.00%,2307035,0.04%,19362507,0.30%
AL11,682450,中國信託台灣收益成長主動式ETF基金 (基金之配息來源可能為收益平準金且基金並無保證收益及配息),23324474,0.19%,10214865,0.08%,32252061,0.26%,22781299,0.18%,1063128,0.01%,0,0.00%,290691,0.00%,25422396,0.20%
AH21,719359,中國信託台日韓PCB ETF基金,294513,0.01%,0,0.00%,0,0.00%,532686,0.02%,71024,0.00%,0,0.00%,66965,0.00%,965188,0.03%
AA1,73982057,宏利臺灣股息收益基金 (本基金配息來源可能為本金及收益平準金且並無保證收益及配息),3622528,0.25%,5695068,0.39%,0,0.00%,15571389,1.07%,1459824,0.10%,0,0.00%,121502,0.01%,26470311,1.81%
AD1,83863973,宏利萬利貨幣市場基金,0,0.00%,0,0.00%,0,0.00%,71347,0.03%,71347,0.03%,0,0.00%,99179,0.05%,241873,0.11%
AA1,17144889,宏利台灣動力基金,2757711,0.28%,4295298,0.44%,0,0.00%,9346892,0.95%,981094,0.10%,0,0.00%,117403,0.01%,17498398,1.78%
AA2,48916256,宏利精選中華基金,643380,0.12%,299662,0.06%,0,0.00%,6169626,1.20%,856883,0.17%,0,0.00%,154395,0.03%,8123946,1.58%
AC21,25630146,宏利亞太入息債券基金 (本基金之配息來源可能為本金),0,0.00%,0,0.00%,0,0.00%,13032013,0.67%,2215442,0.11%,0,0.00%,146585,0.01%,15394040,0.79%
AA2,25677726,宏利亞太中小企業基金,203287,0.07%,83298,0.03%,0,0.00%,3401672,1.20%,623646,0.22%,0,0.00%,148037,0.05%,4459940,1.57%
AC23,26258187,宏利新興市場非投資等級債券基金 (本基金之配息來源可能為本金),0,0.00%,0,0.00%,0,0.00%,13956118,1.00%,2419063,0.17%,0,0.00%,160288,0.01%,16535469,1.18%
AC21,26389097,宏利中國離岸債券基金 (本基金之配息來源可能為本金),0,0.00%,0,0.00%,0,0.00%,4210819,0.67%,715852,0.11%,0,0.00%,137596,0.02%,5064267,0.80%
AA2,42450034,宏利全球動力股票基金,488077,0.08%,0,0.00%,0,0.00%,7601716,1.20%,1140249,0.18%,0,0.00%,142676,0.02%,9372718,1.48%
AA2,72967971,宏利特別股息收益基金 (本基金配息來源可能為本金),1128,0.00%,90,0.00%,0,0.00%,6382374,1.20%,992814,0.19%,0,0.00%,141858,0.03%,7518264,1.41%
AC21,75972033,宏利澳洲優選債券收益基金 (本基金有一定比重得投資於非投資等級之高風險債券且配息來源可能為本金),0,0.00%,0,0.00%,0,0.00%,6413867,0.77%,1115454,0.13%,0,0.00%,146479,0.02%,7675800,0.92%
AC21,76548280,宏利七年階梯到期新興市場債券基金 (本基金有相當比重投資於非投資等級之高風險債券且配息來源可能為本金),0,0.00%,0,0.00%,0,0.00%,1661901,0.37%,363464,0.08%,0,0.00%,135190,0.03%,2160555,0.47%
AC23,88113583,宏利全球非投資等級債券基金 (本基金主要投資於非投資等級之高風險債券且配息來源可能為本金),0,0.00%,0,0.00%,0,0.00%,10577756,1.20%,1527905,0.17%,0,0.00%,135975,0.02%,12241636,1.39%
AJ2,88184720,宏利亞洲收益成長多重資產基金 (本基金有相當比重投資於非投資等級之高風險債券且配息來源可能為本金),111309,0.04%,29990,0.01%,0,0.00%,3040312,1.20%,439156,0.17%,0,0.00%,131981,0.05%,3752748,1.48%
AJ2,88105633,宏利實質多重資產基金 (本基金有相當比重投資於非投資等級之高風險債券且配息來源可能為本金),338253,0.03%,84717,0.01%,0,0.00%,13685148,1.20%,1976746,0.17%,0,0.00%,192657,0.02%,16277521,1.43%
AA2,88256723,宏利全球科技基金 (本基金配息來源可能為本金),304661,0.09%,2524,0.00%,0,0.00%,4068826,1.20%,632927,0.19%,0,0.00%,143608,0.04%,5152546,1.52%
AJ2,88329726,宏利數位基礎設施多重資產基金 (本基金有相當比重投資於非投資等級之高風險債券且配息來源可能為本金),46085,0.01%,7930,0.00%,0,0.00%,5654066,1.20%,879514,0.19%,0,0.00%,170700,0.04%,6758295,1.43%
AA1,19330712,貝萊德寶利基金,1150069,0.08%,2285070,0.15%,0,0.00%,16145512,1.07%,1513632,0.10%,0,0.00%,116923,0.01%,21211206,1.40%
AE23,42523043,貝萊德全方位資產收益組合基金 (基金有相當比重投資於非投資等級之高風險債券基金且配息來源可能為本金),24706,0.01%,8,0.00%,0,0.00%,2173644,0.73%,276654,0.09%,0,0.00%,116508,0.04%,2591520,0.87%
AE23,72963308,貝萊德享退休系列2030目標日期組合基金,11546,0.00%,3791,0.00%,0,0.00%,1228283,0.39%,272791,0.09%,0,0.00%,119666,0.04%,1636077,0.52%
AE23,72963314,貝萊德享退休系列2040目標日期組合基金,8047,0.00%,2364,0.00%,0,0.00%,751297,0.39%,168728,0.09%,0,0.00%,118923,0.06%,1049359,0.54%
AE23,72963320,貝萊德享退休系列2050目標日期組合基金,13453,0.00%,4291,0.00%,0,0.00%,1180315,0.37%,274684,0.09%,0,0.00%,118923,0.04%,1591666,0.50%
AE23,88313338,貝萊德環球動態趨勢多元資產組合基金 (基金之配息來源可能為本金),1462888,0.01%,4315,0.00%,0,0.00%,94126555,0.87%,10860755,0.10%,0,0.00%,101904,0.00%,106556417,0.98%
AI2,513429,貝萊德 iShares 安碩 0-3 月美國國庫證券指數基金 (基金之配息來源可能為本金),0,0.00%,0,0.00%,0,0.00%,2855876,0.17%,1827773,0.11%,0,0.00%,123918,0.01%,4807567,0.28%
AH21,608950,貝萊德iShares安碩標普500卓越50 ETF基金 (基金之配息來源可能為收益平準金),126522,0.00%,67805,0.00%,4351296,0.08%,12579431,0.23%,4525295,0.08%,0,0.00%,2236353,0.04%,15184110,0.28%
AL22,665558,貝萊德iShares安碩收益優化投資等級債主動式ETF基金 (基金有一定比重投資於非投資等級之高風險債券，配息來源可能為收益平準金且並無保證收益及配息),164565,0.02%,935,0.00%,0,0.00%,2115663,0.25%,461601,0.05%,0,0.00%,199269,0.02%,2942033,0.35%
AH21,718470,貝萊德iShares安碩世界股票ETF基金,822041,0.02%,2079524,0.04%,5147454,0.10%,2664149,0.05%,762276,0.01%,0,0.00%,840764,0.02%,2021300,0.04%
AH22,718485,貝萊德iShares安碩10年期以上A級美元公司債ETF基金 (基金之配息來源 可能為收益平準金),0,0.00%,0,0.00%,0,0.00%,942226,0.03%,376889,0.01%,0,0.00%,587997,0.02%,1907112,0.06%
AA1,988316,野村台灣運籌基金,16224722,0.17%,18963523,0.20%,0,0.00%,92674159,0.99%,12356549,0.13%,0,0.00%,136907,0.00%,140355860,1.50%
AA1,968493,野村鴻運基金,25911792,0.21%,37020827,0.30%,0,0.00%,102316888,0.83%,15014651,0.12%,0,0.00%,136857,0.00%,180401015,1.46%
AA2,1021518,野村環球基金,16501997,0.17%,4899754,0.05%,0,0.00%,80061241,0.80%,9702577,0.10%,0,0.00%,4219182,0.04%,115384751,1.16%
AB1,971103,野村鴻利基金,3834189,0.09%,7421225,0.17%,0,0.00%,32591138,0.75%,4613137,0.11%,0,0.00%,178016,0.00%,48637705,1.12%
AA1,1031564,野村積極成長基金,8060270,0.16%,14186149,0.28%,0,0.00%,50586726,1.00%,5058676,0.10%,0,0.00%,136985,0.00%,78028806,1.54%
AD1,92024520,野村貨幣市場基金,0,0.00%,0,0.00%,0,0.00%,1460899,0.03%,1460899,0.03%,0,0.00%,233348,0.00%,3155146,0.06%
AA2,20089404,野村泰國基金,1005574,0.11%,25209,0.00%,0,0.00%,9924269,1.07%,1488647,0.16%,0,0.00%,146059,0.02%,12589758,1.35%
AA1,19330754,野村優質基金,34771799,0.06%,60624644,0.11%,0,0.00%,534187908,0.94%,52918299,0.09%,0,0.00%,136906,0.00%,682639556,1.20%
AA1,17146752,野村成長基金,9527097,0.12%,15704263,0.19%,0,0.00%,86198580,1.06%,7542386,0.09%,0,0.00%,137001,0.00%,119109327,1.47%
AA1,17600534,野村高科技基金,74829865,0.35%,123285483,0.58%,0,0.00%,227564029,1.06%,21334133,0.10%,0,0.00%,136967,0.00%,447150477,2.09%
AB1,17602250,野村平衡基金,4336589,0.13%,8022516,0.24%,0,0.00%,27121814,0.80%,2713995,0.08%,0,0.00%,155640,0.00%,42350554,1.24%
AA1,18037937,野村ｅ科技基金,44323045,0.34%,70692845,0.54%,0,0.00%,139310599,1.06%,13060383,0.10%,0,0.00%,137017,0.00%,267523889,2.04%
AA1,18488469,野村中小基金,45383135,0.20%,74003948,0.32%,0,0.00%,229938069,1.01%,22738236,0.10%,0,0.00%,137197,0.00%,372200585,1.63%
AA2,14697373,野村全球品牌基金,11651726,0.32%,2742451,0.08%,0,0.00%,43035371,1.20%,7172555,0.20%,0,0.00%,214499,0.01%,64816602,1.80%
AA2,94988015,野村全球高股息基金 (本基金並無保證收益),7319592,0.19%,2293148,0.06%,0,0.00%,36846712,0.96%,7638885,0.20%,0,0.00%,157824,0.00%,54256161,1.42%
AE23,99364447,野村鑫平衡組合基金,300463,0.04%,2788,0.00%,0,0.00%,4398831,0.54%,544993,0.07%,0,0.00%,153869,0.02%,5400944,0.66%
AA1,99973878,野村台灣高股息基金 (本基金並無保證收益),7479907,0.24%,12909494,0.41%,0,0.00%,32867003,1.04%,3148378,0.10%,0,0.00%,138497,0.00%,56543279,1.79%
AG,21758780,野村全球不動產證券化基金 (本基之金配息來源可能為本金),396638,0.07%,22746,0.00%,0,0.00%,5741333,1.07%,897087,0.17%,0,0.00%,192354,0.04%,7250158,1.35%
AA2,48745964,野村亞太高股息基金 (本基金並無保證收益),4204583,0.23%,2968979,0.16%,0,0.00%,22006222,1.20%,3667709,0.20%,0,0.00%,3264870,0.18%,36112363,1.96%
AA2,48844514,野村全球生技醫療基金,1129807,0.08%,258434,0.02%,0,0.00%,16943220,1.20%,2823881,0.20%,0,0.00%,190701,0.01%,21346043,1.51%
AA2,25530596,野村中國機會基金,6257157,0.33%,2489106,0.13%,0,0.00%,22628584,1.20%,3268581,0.17%,0,0.00%,306493,0.02%,34949921,1.85%
AA2,25652008,野村巴西基金,464322,0.06%,45480,0.01%,0,0.00%,8601376,1.20%,1290195,0.18%,0,0.00%,167456,0.02%,10568829,1.47%
AA2,26278374,野村雙印傘型基金之印度潛力基金,2943717,0.27%,1237872,0.11%,0,0.00%,13184197,1.20%,1904371,0.17%,0,0.00%,18562379,1.69%,37832536,3.44%
AC23,26310557,野村亞太複合非投資等級債券基金 (本基金配息來源可能為本金),959,0.00%,8,0.00%,0,0.00%,10790100,1.07%,1870798,0.19%,0,0.00%,248856,0.02%,12910721,1.28%
AC23,38480612,野村環球非投資等級債券基金 (本基金配息來源可能為本金),0,0.00%,0,0.00%,0,0.00%,6612728,1.07%,1158000,0.19%,0,0.00%,230826,0.04%,8001554,1.29%
AJ2,38653661,野村動態配置多重資產基金 (本基金有相當比重投資於非投資等級之高風險債券且配息來源可能為本金),1226250,0.13%,387251,0.04%,0,0.00%,9174305,0.97%,1642884,0.17%,0,0.00%,825599,0.09%,13256289,1.40%
AC23,42313341,野村美利堅非投資等級債券基金 (本基金配息來源可能為本金),0,0.00%,0,0.00%,0,0.00%,5307271,1.06%,867768,0.17%,0,0.00%,169527,0.03%,6344566,1.27%
AA2,42333108,野村日本領先基金,2256001,0.12%,0,0.00%,0,0.00%,19867495,1.10%,2889800,0.16%,0,0.00%,149286,0.01%,25162582,1.39%
AC21,42382347,野村全球短期收益基金 (本基金並無保證收益),12654,0.00%,87,0.00%,0,0.00%,4841149,0.40%,968242,0.08%,0,0.00%,170760,0.01%,5992892,0.49%
AJ2,42391084,野村多元收益多重資產基金 (本基金有相當比重投資於非投資等級之高風險債券且並無保證收益),5699742,0.12%,360216,0.01%,0,0.00%,50948649,1.08%,8150821,0.17%,0,0.00%,180983,0.00%,65340411,1.39%
AC21,72961391,野村全球金融收益基金 (本基金並無保證收益),192686,0.00%,1149,0.00%,0,0.00%,152483759,0.98%,26863240,0.17%,0,0.00%,175417,0.00%,179716251,1.16%
AC23,88181364,野村特別時機非投資等級債券基金 (本基金配息來源可能為本金),0,0.00%,0,0.00%,0,0.00%,85214369,1.19%,11921759,0.17%,0,0.00%,191685,0.00%,97327813,1.36%
AA2,88187162,野村全球正向效應成長基金 (本基金配息來源可能為本金且非屬環境、社會及治理相關主題基金),1751364,0.17%,231345,0.02%,0,0.00%,13675970,1.33%,2051394,0.20%,0,0.00%,3000351,0.29%,20710424,2.02%
AA2,88263822,野村全球基礎建設大未來基金,1262171,0.09%,721706,0.05%,0,0.00%,17992773,1.29%,2586596,0.19%,0,0.00%,189374,0.01%,22752620,1.64%
AJ2,88348189,野村環球時機多重資產基金 (本基金有相當比重投資於非投資等級之高風險債券且配息來源可能為本金),116439,0.02%,136218,0.02%,0,0.00%,8639583,1.20%,1247950,0.17%,0,0.00%,311525,0.04%,10451715,1.45%
AJ2,93100172,野村策略轉機多重資產基金 (本基金有相當比重投資於非投資等級之高風險債券且配息來源可能為本金),160619,0.04%,37514,0.01%,0,0.00%,4582582,1.13%,700854,0.17%,0,0.00%,173870,0.04%,5655439,1.40%
AH11,93151376,野村臺灣創新科技50ETF基金 (本基金之配息來源可能為收益平準金),26505974,0.09%,13868992,0.05%,41603464,0.14%,81829844,0.27%,7160119,0.02%,0,0.00%,8441997,0.03%,96203462,0.31%
AH11,93212660,野村臺灣趨勢動能高股息ETF基金 (本基金之配息來源可能為收益平準金且並無保證收益及配息),1794780,0.15%,4335266,0.36%,3402909,0.29%,3178902,0.27%,278149,0.02%,0,0.00%,988140,0.08%,7172328,0.60%
AJ2,505743,野村全球科技多重資產基金 (本基金有相當比重投資於非投資等級之高風險債券且配息來源可能為本金),9992533,0.12%,3135407,0.04%,0,0.00%,100442621,1.18%,14644437,0.17%,0,0.00%,255068,0.00%,128470066,1.51%
AH21,516397,野村全球航運龍頭息收ETF基金 (本基金之配息來源可能為收益平準金且並無保證收益及配息),1535923,0.11%,988463,0.07%,5435289,0.39%,8404478,0.60%,1867670,0.13%,0,0.00%,1222664,0.09%,8583909,0.61%
AE23,528529,野村全天候組合基金 (本基金有相當比重投資於非投資等級之高風險債券基金且配息來源可能為本金),196738,0.01%,699,0.00%,0,0.00%,12791681,0.97%,1224650,0.09%,0,0.00%,183512,0.01%,14397280,1.10%
AH21,534206,野村美日ETF傘型基金之美國創新研發龍頭ETF基金,813485,0.07%,15898,0.00%,766418,0.06%,4933961,0.40%,1233480,0.10%,0,0.00%,893266,0.07%,7123672,0.58%
AH21,534233,野村美日ETF傘型基金之日本價值動能高息ETF基金 (本基金之配息來源可能為收益平準金且並無保證收益及配息),278731,0.07%,0,0.00%,183414,0.05%,1558105,0.40%,389529,0.10%,0,0.00%,573166,0.15%,2616117,0.67%
AC21,572257,野村全天候環球債券基金 (本基金有一定比重投資於非投資等級之高風險債券且配息來源可能為本金),105849,0.00%,430,0.00%,0,0.00%,27192781,1.00%,3638018,0.13%,0,0.00%,194851,0.01%,31131929,1.14%
AL11,579499,野村臺灣智慧優選主動式ETF基金 (本基金之配息來源可能為收益平準金),23296956,0.16%,36076951,0.25%,20465250,0.14%,73083470,0.50%,3410561,0.02%,0,0.00%,286841,0.00%,115689529,0.79%
AL11,586576,野村臺灣增強50主動式ETF基金,50545019,0.54%,89030698,0.95%,9829389,0.10%,28167361,0.30%,2190792,0.02%,0,0.00%,352596,0.00%,160457077,1.71%
AH21,608902,野村日本東證ETF基金,444109,0.03%,0,0.00%,864578,0.07%,2553963,0.20%,595915,0.05%,0,0.00%,374667,0.03%,3104076,0.24%
AH22,643289,野村澳洲10年期以上主權及類主權債券ETF基金 (本基金之配息來源可能為收益平準金),0,0.00%,0,0.00%,0,0.00%,1970408,0.16%,630528,0.05%,0,0.00%,551812,0.04%,3152748,0.25%
AE21,661027,野村成長傘型基金之美國增長股票ETF組合基金 (本基金配息來源可能為本金),1872475,0.16%,6994,0.00%,0,0.00%,9799232,0.83%,943623,0.08%,0,0.00%,157170,0.01%,12779494,1.08%
AK11,661032,野村成長傘型基金之臺灣創新科技50ETF連結基金,3057457,0.24%,1258329,0.10%,0,0.00%,227040,0.02%,155104,0.01%,0,0.00%,147999,0.01%,4845929,0.38%
AL11,666156,野村臺灣策略高息主動式ETF基金 (本基金之配息來源可能為收益平準金且並無保證收益及配息),33520385,0.26%,42540412,0.33%,40553318,0.31%,33164516,0.26%,1658224,0.01%,0,0.00%,378964,0.00%,70709183,0.54%
AH21,672713,野村全球稀土與關鍵資源ETF基金,13572876,0.16%,1992846,0.02%,32727042,0.37%,18344645,0.21%,4076587,0.05%,0,0.00%,1668876,0.02%,6928788,0.08%
AK12,685034,野村臺灣智慧優選主動式ETF連結基金,1439182,0.08%,3875,0.00%,0,0.00%,190254,0.01%,31720,0.00%,0,0.00%,16898,0.00%,1681929,0.10%
AD1,17144332,聯邦貨幣市場基金,0,0.00%,0,0.00%,0,0.00%,15792686,0.06%,6649556,0.03%,0,0.00%,813316,0.00%,23255558,0.09%
AA1,17597236,聯邦精選科技基金,8413820,0.57%,11964208,0.81%,0,0.00%,15730929,1.07%,1474771,0.10%,0,0.00%,60712,0.00%,37644440,2.55%
AA1,18496290,聯邦中國龍基金,802747,0.13%,664990,0.10%,0,0.00%,6834315,1.07%,640718,0.10%,0,0.00%,60659,0.01%,9003429,1.40%
AE22,13984587,聯邦優勢策略全球債券組合基金,8833,0.01%,0,0.00%,0,0.00%,1000592,0.67%,130071,0.09%,0,0.00%,110590,0.07%,1250086,0.83%
AB1,98669575,聯邦金鑽平衡基金,590977,0.15%,577383,0.14%,0,0.00%,2671642,0.67%,267168,0.07%,0,0.00%,61289,0.02%,4168459,1.04%
AB2,38546327,聯邦環太平洋平衡基金 ((本基金有相當比重投資於非投資等級之高風險債券且基金之配息來源可能為本金)),78884,0.04%,6182,0.00%,0,0.00%,1875928,1.07%,257957,0.15%,0,0.00%,67153,0.04%,2286104,1.30%
AC23,42386420,聯邦永騰亞洲非投資等級債券基金 ((本基金之配息來源可能為本金)),0,0.00%,0,0.00%,0,0.00%,2636207,1.07%,428417,0.17%,0,0.00%,67825,0.03%,3132449,1.27%
AJ2,79044973,聯邦高息策略多重資產基金 ((本基金有相當比重投資於非投資等級之高風險債券且配息來源可能為本金)),289682,0.13%,154817,0.07%,0,0.00%,2491113,1.15%,376113,0.17%,0,0.00%,111259,0.05%,3422984,1.58%
AJ2,88236255,聯邦低碳目標多重資產基金,42403,0.03%,89,0.00%,0,0.00%,1444947,1.11%,225610,0.17%,0,0.00%,67057,0.05%,1780106,1.37%
AA2,88319683,聯邦民生基礎建設股票入息基金 ((本基金配息來源可能為本金)),422959,0.06%,27936,0.00%,0,0.00%,8464648,1.20%,1222667,0.17%,0,0.00%,115110,0.02%,10253320,1.45%
AJ1,93101355,聯邦臺灣精選收益多重資產基金 ((本基金配息來源可能為本金)),300649,0.10%,300912,0.10%,0,0.00%,2515914,0.80%,293512,0.09%,0,0.00%,67480,0.02%,3478467,1.10%
AC21,93217829,聯邦美國優選投資等級債券基金 (本基金有一定比重得投資於非投資等級債券且配息來源可能為本金),0,0.00%,0,0.00%,0,0.00%,14705748,0.80%,2818640,0.15%,0,0.00%,110649,0.01%,17635037,0.96%
AH11,572518,聯邦台灣精彩50ETF基金 (本基金之配息來源可能為收益平準金),2611949,0.11%,3013250,0.12%,3327113,0.14%,2444783,0.10%,570451,0.02%,0,0.00%,682343,0.03%,5995663,0.24%
AJ2,645548,聯邦日本收益成長多重資產基金 (本基金配息來源可能為本金),6101908,0.33%,0,0.00%,0,0.00%,20818745,1.13%,3184013,0.17%,0,0.00%,117317,0.01%,30221983,1.64%
AH21,684464,聯邦美國金融創新ETF基金 (本基金之配息來源可能為收益平準金),2443644,0.14%,4526,0.00%,3110707,0.17%,2441474,0.14%,457775,0.03%,0,0.00%,235638,0.01%,2472350,0.14%
AC23,75981167,東方匯理全球非投資等級債券基金 (本基金之配息來源可能為本金),0,0.00%,0,0.00%,0,0.00%,162277889,1.20%,23466566,0.17%,0,0.00%,147603,0.00%,185892058,1.37%
AJ2,76352068,東方匯理實質收息多重資產基金 (本基金之配息來源可能為本金),1514484,0.03%,27791,0.00%,0,0.00%,52010306,1.20%,7512614,0.17%,0,0.00%,193596,0.00%,61258791,1.41%
AC23,76737629,東方匯理新興市場非投資等級債券基金 (本基金之配息來源可能為本金),71186,0.00%,0,0.00%,0,0.00%,19506504,1.20%,2817605,0.17%,0,0.00%,153493,0.01%,22548788,1.39%
AC21,88099935,東方匯理美元核心收益債券基金 (本基金有一定比重得投資於非投資等級之高風險債券且配息來源可能為本金),163035,0.00%,0,0.00%,0,0.00%,40827687,1.00%,7076799,0.17%,0,0.00%,146221,0.00%,48213742,1.18%
AC23,88134594,東方匯理美國非投資等級債券基金 (本基金之配息來源可能為本金),0,0.00%,0,0.00%,0,0.00%,7538226,1.13%,1152903,0.17%,0,0.00%,135260,0.02%,8826389,1.33%
AC21,88255082,東方匯理全球投資等級綠色債券基金 (本基金有一定比重得投資於非投資等級之高風險債券且配息來源可能為本金),40874,0.01%,0,0.00%,0,0.00%,8023630,1.00%,1390763,0.17%,0,0.00%,137507,0.02%,9592774,1.19%
AJ2,88331461,東方匯理先進醫療科技多重資產基金 (本基金之配息來源可能為本金),9687,0.00%,8731,0.00%,0,0.00%,3242470,1.20%,468347,0.17%,0,0.00%,223710,0.08%,3952945,1.46%
AJ2,93104304,東方匯理創新趨勢多重資產基金 (本基金之配息來源可能為本金),16868,0.01%,13449,0.00%,0,0.00%,3581465,1.20%,517331,0.17%,0,0.00%,150861,0.05%,4279974,1.43%
AC21,93151896,東方匯理全球淨零碳排企業債券基金 (本基金有一定比重得投資於非投資等級之高風險債券且配息來源可能為本金),18681,0.00%,0,0.00%,0,0.00%,7222264,1.07%,1173620,0.17%,0,0.00%,106604,0.02%,8521169,1.26%
AE23,93164317,東方匯理CIO精選收益基金 (本基金有相當比重投資於非投資等級之高風險債券且配息來源可能為本金),12519,0.00%,7059,0.00%,0,0.00%,21196209,1.00%,1695690,0.08%,0,0.00%,214213,0.01%,23125690,1.09%
AE21,570188,東方匯理CIO精選增長基金 (本基金之配息來源可能為本金),13612,0.00%,2053,0.00%,0,0.00%,14773937,1.00%,1181918,0.08%,0,0.00%,220773,0.01%,16192293,1.09%
AE23,579441,東方匯理CIO精選均衡基金 (本基金有相當比重投資於非投資等級之高風險債券且配息來源可能為本金),14291,0.00%,3034,0.00%,0,0.00%,7635352,1.00%,610830,0.08%,0,0.00%,190413,0.02%,8453920,1.11%
AE22,604737,東方匯理CIO精選保守基金 (本基金有相當比重投資於非投資等級之高風險債券且配息來源可能為本金),4065,0.00%,4198,0.00%,0,0.00%,13851059,0.83%,1329709,0.08%,0,0.00%,164993,0.01%,15354024,0.92%
AJ2,644301,東方匯理全球多重資產成長收益基金 (本基金有相當比重投資於非投資等級之高風險債券且配息來源可能為本金),787536,0.04%,8962,0.00%,0,0.00%,26914005,1.20%,3887576,0.17%,0,0.00%,146931,0.01%,31745010,1.41%
AC21,667850,東方匯理全球策略收益基金 (本基金有一定比重得投資於非投資等級之高風險債券且配息來源可能為本金),23368,0.00%,0,0.00%,0,0.00%,20406988,0.67%,3537208,0.12%,0,0.00%,106529,0.00%,24074093,0.79%
AA1,17604124,安聯台灣大壩基金,127572041,0.17%,191362375,0.25%,0,0.00%,781948322,1.01%,76771968,0.10%,0,0.00%,166650,0.00%,1177821356,1.53%
AD1,18033003,安聯台灣貨幣市場基金,0,0.00%,0,0.00%,0,0.00%,8116013,0.03%,7304432,0.03%,0,0.00%,1212874,0.00%,16633319,0.07%
AA1,18480065,安聯台灣科技基金,321467671,0.15%,379844819,0.18%,0,0.00%,2201430041,1.06%,206384062,0.10%,0,0.00%,301203,0.00%,3109427796,1.50%
AA2,14693593,安聯全球生技趨勢基金,1540979,0.06%,43035,0.00%,0,0.00%,30924137,1.20%,4638617,0.18%,0,0.00%,160768,0.01%,37307536,1.45%
AA2,99978472,安聯全球新興市場基金,2246491,0.12%,588129,0.03%,0,0.00%,22353021,1.20%,3228780,0.17%,0,0.00%,1650369,0.09%,30066790,1.61%
AA2,48806595,安聯全球綠能趨勢基金,2108671,0.03%,794773,0.01%,0,0.00%,76681023,1.20%,10224130,0.16%,0,0.00%,1586953,0.02%,91395550,1.43%
AA2,48937267,安聯全球股票多元投資風格基金,675318,0.05%,216861,0.02%,0,0.00%,15428930,1.17%,1916130,0.15%,0,0.00%,946271,0.07%,19183510,1.46%
AA2,48981946,安聯全球農金趨勢基金,311933,0.02%,94163,0.01%,0,0.00%,22250705,1.20%,2966773,0.16%,0,0.00%,584328,0.03%,26207902,1.41%
AA1,48997911,安聯台灣智慧基金,140566567,0.24%,223068620,0.38%,0,0.00%,620853909,1.06%,58205063,0.10%,0,0.00%,182123,0.00%,1042876282,1.78%
AE22,10350645,安聯四季回報債券組合基金 (本基金有相當比重之投資包含高風險非投資等級債券基金且配息來源可能為本金),98548,0.00%,6179,0.00%,0,0.00%,47726763,0.64%,5917263,0.08%,0,0.00%,130378,0.00%,53879131,0.73%
AA2,25589337,安聯中國策略基金,6561624,0.13%,164046,0.00%,0,0.00%,61951674,1.20%,7916047,0.15%,0,0.00%,1430333,0.03%,78023724,1.51%
AA2,25627819,安聯全球油礦金趨勢基金,179491,0.02%,41309,0.01%,0,0.00%,10185453,1.33%,1273182,0.17%,0,0.00%,245868,0.03%,11925303,1.56%
AA2,25680150,安聯中國東協基金,1883752,0.13%,687793,0.05%,0,0.00%,18997850,1.33%,2279733,0.16%,0,0.00%,1270494,0.09%,25119622,1.76%
AE22,26398976,安聯四季豐收債券組合基金 (本基金有一定比例之投資包含高風險非投資等級債券基金且配息來源可能為本金),598385,0.00%,24349,0.00%,0,0.00%,102535962,0.66%,12304317,0.08%,0,0.00%,148876,0.00%,115611889,0.75%
AE23,38481149,安聯四季雙收入息組合基金 (本基金並無保證收益及配息),2350128,0.03%,201813,0.00%,0,0.00%,50805750,0.59%,8053358,0.09%,0,0.00%,153517,0.00%,61564566,0.71%
AE21,38552137,安聯四季成長組合基金,2945894,0.02%,290011,0.00%,0,0.00%,79443558,0.56%,14166076,0.10%,0,0.00%,157510,0.00%,97003049,0.68%
AE23,38647774,安聯目標收益基金 (本基金主要係投資於高風險非投資等級債券基金且配息來源可能為本金),414883,0.01%,4354,0.00%,0,0.00%,23837785,0.66%,2860529,0.08%,0,0.00%,118761,0.00%,27236312,0.76%
AA2,42319470,安聯中華新思路基金,2291000,0.08%,1131864,0.04%,0,0.00%,38253950,1.33%,4973015,0.17%,0,0.00%,584818,0.02%,47234647,1.64%
AJ2,72954167,安聯收益成長多重資產基金 (本基金有相當比重投資於非投資等級之高風險債券且配息來源可能為本金),5965974,0.01%,379456,0.00%,0,0.00%,631461381,1.00%,101033808,0.16%,0,0.00%,204888,0.00%,739045507,1.17%
AC23,74711899,安聯美國短年期非投資等級債券基金 (本基金之配息來源可能為本金),0,0.00%,0,0.00%,0,0.00%,43753276,0.98%,7424144,0.17%,0,0.00%,136870,0.00%,51314290,1.15%
AJ2,79017504,安聯特別收益多重資產基金 (本基金有相當比重投資於非投資等級之高風險債券且配息來源可能為本金),122673,0.01%,4496,0.00%,0,0.00%,11452156,1.00%,1832352,0.16%,0,0.00%,119893,0.01%,13531570,1.18%
AE22,88096542,安聯新興債券收益組合基金 (本基金有一定比例之投資包含高風險非投資等級債券基金且配息來源可能為本金),108898,0.00%,1885,0.00%,0,0.00%,53833925,0.66%,6460079,0.08%,0,0.00%,136870,0.00%,60541657,0.75%
AJ2,509240,安聯AI收益成長多重資產基金 (本基金有相當比重投資於非投資等級之高風險債券且配息來源可能為本金),1435451,0.01%,145660,0.00%,0,0.00%,223448365,1.00%,40220705,0.18%,0,0.00%,256399,0.00%,265506580,1.18%
AL11,599087,安聯台灣高息成長主動式ETF基金 (本基金之配息來源可能為收益平準金且基金並無保證收益及配息),34297058,0.53%,50102205,0.77%,8827230,0.14%,30223021,0.46%,1727043,0.03%,0,0.00%,302851,0.00%,107824948,1.65%
AL11,650730,安聯台灣主動式ETF基金 (本基金之配息來源可能為收益平準金且基金並無保證收益及配息),89533051,0.75%,137806757,1.16%,46643561,0.39%,58657369,0.49%,2566261,0.02%,0,0.00%,1077742,0.01%,242997619,2.04%
AL21,670200,安聯美國科技領航主動式ETF基金 (本基金之配息來源可能為收益平準金),631673,0.01%,47845,0.00%,5332674,0.07%,19344189,0.26%,2901627,0.04%,0,0.00%,298335,0.00%,17890995,0.24%
AA1,1031874,國泰小龍基金,86899825,0.28%,147039171,0.48%,0,0.00%,247817359,0.81%,25035000,0.08%,0,0.00%,229006,0.00%,507020361,1.65%
AA1,17612497,國泰國泰基金 (基金之配息來源可能為本金),49285499,0.37%,83298324,0.63%,0,0.00%,140771311,1.07%,13197311,0.10%,0,0.00%,155234,0.00%,286707679,2.17%
AD1,18034853,國泰台灣貨幣市場基金,0,0.00%,0,0.00%,0,0.00%,37152726,0.05%,18585605,0.02%,0,0.00%,3093012,0.00%,58831343,0.07%
AA1,18043059,國泰中小成長基金 (基金之配息來源可能為本金),54935154,0.37%,96650419,0.65%,0,0.00%,158789098,1.07%,14886467,0.10%,0,0.00%,170547,0.00%,325431685,2.18%
AA1,19291128,國泰大中華基金,67421429,0.34%,118280916,0.60%,0,0.00%,208346950,1.07%,19532521,0.10%,0,0.00%,185308,0.00%,413767124,2.12%
AA1,14705562,國泰科技生化基金,30050066,0.28%,55235141,0.51%,0,0.00%,114790585,1.07%,10761628,0.10%,0,0.00%,150224,0.00%,210987644,1.96%
AE21,48681504,國泰幸福階梯傘型基金之全球積極組合基金 (本基金之配息來源可能為本金),756931,0.03%,84394,0.00%,0,0.00%,14807529,0.64%,2005840,0.09%,0,0.00%,146477,0.01%,17801171,0.77%
AA2,48832881,國泰全球基礎建設基金 (基金之配息來源可能為本金),830181,0.06%,155736,0.01%,0,0.00%,15764190,1.07%,2561669,0.17%,0,0.00%,183206,0.01%,19494982,1.32%
AA2,25621998,國泰中港台基金,3438372,0.22%,1605239,0.10%,0,0.00%,19000553,1.20%,2533398,0.16%,0,0.00%,247941,0.02%,26825503,1.69%
AE22,25681952,國泰豐益債券組合基金 (基金之配息來源可能為本金),21199,0.00%,365,0.00%,0,0.00%,4703270,0.67%,659106,0.09%,0,0.00%,134948,0.02%,5518888,0.78%
AA2,26203542,國泰新興市場基金,1821637,0.21%,1343292,0.15%,0,0.00%,9329500,1.07%,1749282,0.20%,0,0.00%,195231,0.02%,14438942,1.65%
AA2,26317735,國泰中國內需增長基金,37741562,0.30%,16035837,0.13%,0,0.00%,128213893,1.01%,20350964,0.16%,0,0.00%,489292,0.00%,202831548,1.59%
AC23,26331835,國泰新興非投資等級債券基金 (基金之配息來源可能為本金),0,0.00%,0,0.00%,0,0.00%,11361961,0.86%,2110207,0.16%,0,0.00%,179024,0.01%,13651192,1.03%
AA2,31821137,國泰中國新興戰略基金,12271151,0.30%,7316047,0.18%,0,0.00%,49206583,1.20%,6834245,0.17%,0,0.00%,307380,0.01%,75935406,1.85%
AD2,38482908,國泰人民幣貨幣市場基金,0,0.00%,0,0.00%,0,0.00%,1576836,0.27%,433629,0.07%,0,0.00%,150263,0.03%,2160728,0.36%
AB2,38582842,國泰收益傘型基金之全球多重收益平衡基金 (本基金有相當比重投資於非投資等級之高風險債券且配息來源可能為本金),4099456,0.10%,2523299,0.06%,0,0.00%,23694010,0.60%,6587154,0.17%,0,0.00%,220136,0.01%,37124055,0.94%
AA2,38600412,國泰亞洲成長基金,4194028,0.35%,1431250,0.12%,0,0.00%,15022206,1.26%,2055674,0.17%,0,0.00%,189839,0.02%,22892997,1.93%
AH21,42260528,國泰富時中國A50基金,2335819,0.07%,983308,0.03%,4550490,0.14%,20307054,0.63%,2137599,0.07%,0,0.00%,4159667,0.13%,25372957,0.79%
AB2,42331684,國泰亞太入息平衡基金 (本基金有相當比重投資於非投資等級之高風險債券，基金並無保證收益及配息且配息來源可能為本金),3080686,0.27%,1047820,0.09%,0,0.00%,12218701,1.07%,1909174,0.17%,0,0.00%,144810,0.01%,18401191,1.60%
AH23,42385127,國泰A50傘型基金之富時中國A50單日反向1倍基金,309347,0.25%,0,0.00%,2342,0.00%,773980,0.63%,146653,0.12%,0,0.00%,240575,0.20%,1468213,1.20%
AH23,42385148,國泰A50傘型基金之富時中國A50單日正向2倍基金,11760194,0.46%,0,0.00%,988914,0.04%,15809454,0.62%,3572413,0.14%,0,0.00%,2021022,0.08%,32174169,1.27%
AH21,42389475,國泰日本ETF傘型基金之日經225基金,143065,0.03%,0,0.00%,346880,0.07%,1498500,0.30%,665985,0.13%,0,0.00%,734665,0.15%,2695335,0.54%
AH13,42404258,國泰臺指ETF傘型基金之臺灣加權指數單日反向1倍基金,187965,0.01%,627019,0.04%,145186,0.01%,7654883,0.50%,408252,0.03%,0,0.00%,617915,0.04%,9350848,0.61%
AH13,42404264,國泰臺指ETF傘型基金之臺灣加權指數單日正向2倍基金,2307375,0.02%,8251996,0.08%,5552495,0.05%,54357095,0.50%,2905065,0.03%,0,0.00%,732790,0.01%,63001826,0.58%
AH23,42443203,國泰美國ETF傘型基金之道瓊工業平均指數單日反向1倍基金,93677,0.01%,0,0.00%,19293,0.00%,6687537,0.57%,1416182,0.12%,0,0.00%,839706,0.07%,9017809,0.76%
AH21,42443225,國泰美國ETF傘型基金之道瓊工業平均指數基金,53215,0.01%,7816,0.00%,286350,0.05%,1723013,0.30%,689201,0.12%,0,0.00%,814483,0.14%,3001378,0.52%
AH22,42482726,國泰美國債券ETF傘型基金之20年期(以上)美國公債指數基金 (基金之配息來源可能為收益平準金),0,0.00%,0,0.00%,0,0.00%,104882005,0.07%,41952798,0.03%,0,0.00%,14068215,0.01%,160903018,0.10%
AH24,42482731,國泰美國債券ETF傘型基金之20年期(以上)美國公債指數單日反向1倍基金,23621,0.02%,0,0.00%,0,0.00%,656764,0.43%,161673,0.11%,0,0.00%,388170,0.26%,1230228,0.81%
AH24,42482747,國泰美國債券ETF傘型基金之20年期(以上)美國公債指數單日正向2倍基金,1817107,0.03%,0,0.00%,0,0.00%,25934855,0.42%,8672525,0.14%,0,0.00%,2174431,0.04%,38598918,0.63%
AH11,42530591,國泰低波動ETF傘型基金之臺灣低波動股利精選30基金 (本基金並無保證收益及配息),1809955,0.03%,5949819,0.10%,6950436,0.11%,12255230,0.20%,1429762,0.02%,0,0.00%,1764337,0.03%,16258667,0.26%
AH21,42530608,國泰低波動ETF傘型基金之美國標普500低波動高股息基金 (本基金並無保證收益及配息),84560,0.05%,1291,0.00%,24666,0.02%,381324,0.23%,163424,0.10%,0,0.00%,658056,0.40%,1263989,0.77%
AH22,72939309,國泰息收ETF傘型基金之10年期(以上)BBB美元息收公司債券基金 (基金之配息來源可能為收益平準金且本基金並無保證收益及配息),0,0.00%,0,0.00%,0,0.00%,246969618,0.19%,44101716,0.03%,0,0.00%,31834992,0.02%,322906326,0.24%
AH22,72939315,國泰息收ETF傘型基金之優選1-5年美元非投資等級債券基金 (本基金並無保證收益及配息),0,0.00%,0,0.00%,0,0.00%,5965015,0.27%,2386004,0.11%,0,0.00%,1130921,0.05%,9481940,0.42%
AH22,72939321,國泰息收ETF傘型基金之新興市場5年期(以上)美元息收投資等級債券基金 (基金之配息來源可能為收益平準金且本基金並無保證收益及配息),0,0.00%,0,0.00%,0,0.00%,64711748,0.16%,18433503,0.05%,0,0.00%,8685784,0.02%,91831035,0.23%
AC23,72958754,國泰優勢收益傘型基金之主順位資產抵押非投資等級債券基金 (基金之配息來源可能為本金),0,0.00%,0,0.00%,0,0.00%,68560200,1.13%,10504188,0.17%,0,0.00%,178765,0.00%,79243153,1.31%
AH21,72962743,國泰趨勢ETF傘型基金之納斯達克全球人工智慧及機器人基金,290512,0.03%,160256,0.02%,214931,0.02%,4890704,0.57%,1438436,0.17%,0,0.00%,1448212,0.17%,8013189,0.93%
AH21,72962758,國泰趨勢ETF傘型基金之臺韓科技基金,12905512,0.19%,6987019,0.10%,19992443,0.30%,15621586,0.23%,5802307,0.09%,0,0.00%,1662655,0.02%,22986636,0.34%
AH21,72962770,國泰趨勢ETF傘型基金之富時新興市場基金,105994,0.05%,113885,0.06%,68995,0.03%,666364,0.33%,213239,0.11%,0,0.00%,529819,0.26%,1560306,0.78%
AH22,73701726,國泰10年期以上A等級美元公司債券ETF基金 (基金之配息來源可能為收益平準金),0,0.00%,0,0.00%,0,0.00%,113969977,0.12%,31658326,0.03%,0,0.00%,15002988,0.02%,160631291,0.17%
AH21,74702435,國泰標普北美科技ETF基金,386792,0.01%,28882,0.00%,1702133,0.03%,8561966,0.17%,3424784,0.07%,0,0.00%,2275600,0.04%,12975891,0.25%
AH22,74719490,國泰旗艦產業ETF傘型基金之15年期以上A等級公用事業產業債券基金,0,0.00%,0,0.00%,0,0.00%,1153847,0.20%,576938,0.10%,0,0.00%,553424,0.10%,2284209,0.40%
AH22,74719597,國泰旗艦產業ETF傘型基金之15年期以上A等級科技產業債券基金,0,0.00%,0,0.00%,0,0.00%,459984,0.20%,229994,0.10%,0,0.00%,505078,0.22%,1195056,0.52%
AH22,74719647,國泰旗艦產業ETF傘型基金之7-10年A等級金融產業債券基金,0,0.00%,0,0.00%,0,0.00%,17876168,0.19%,6320802,0.07%,0,0.00%,2730741,0.03%,26927711,0.28%
AH22,75967947,國泰大三元ETF傘型基金之15年期以上A等級醫療保健產業債券基金,0,0.00%,0,0.00%,0,0.00%,1460706,0.20%,535588,0.07%,0,0.00%,575270,0.08%,2571564,0.35%
AH21,75968002,國泰大三元ETF傘型基金之美國費城半導體基金,7587435,0.01%,471473,0.00%,64893899,0.12%,125576411,0.23%,21527396,0.04%,0,0.00%,19378242,0.04%,109647058,0.20%
AE24,76312518,國泰泰享退系列2029目標日期組合基金,475696,0.01%,165002,0.00%,0,0.00%,11787512,0.19%,5479459,0.09%,0,0.00%,178604,0.00%,18086273,0.29%
AE24,76312524,國泰泰享退系列2049目標日期組合基金,2336240,0.03%,92344,0.00%,0,0.00%,25256967,0.37%,5939002,0.09%,0,0.00%,175834,0.00%,33800387,0.49%
AE24,76312593,國泰泰享退系列2039目標日期組合基金,1326820,0.02%,106886,0.00%,0,0.00%,15578840,0.27%,5007742,0.09%,0,0.00%,176319,0.00%,22196607,0.38%
AH23,76325112,國泰道瓊工業平均指數單日正向2倍基金,35121,0.01%,0,0.00%,7897,0.00%,1568116,0.57%,332080,0.12%,0,0.00%,706929,0.26%,2634349,0.95%
AH22,76355987,國泰美國收益傘型基金之美國短期公債ETF基金,0,0.00%,0,0.00%,0,0.00%,7350778,0.07%,2940323,0.03%,0,0.00%,1263889,0.01%,11554990,0.10%
AB2,76356022,國泰美國收益傘型基金之美國多重收益平衡基金 (本基金有相當比重投資於非投資等級之高風險債券且配息來源可能為本金),3966585,0.05%,81541,0.00%,0,0.00%,84615538,1.07%,13750052,0.17%,0,0.00%,181087,0.00%,102594803,1.29%
AH21,77060531,國泰網路資安ETF基金,202557,0.03%,24345,0.00%,139063,0.02%,3676564,0.60%,817030,0.13%,0,0.00%,1395302,0.23%,5976735,0.97%
AH11,88090913,國泰台灣高股息傘型基金之台灣ESG永續高股息ETF基金 (基金之配息來源可能為收益平準金且本基金並無保證收益及配息),431087004,0.08%,820234094,0.16%,313588610,0.06%,874176285,0.17%,104901164,0.02%,0,0.00%,139266876,0.03%,2056076813,0.39%
AA1,88090934,國泰台灣高股息傘型基金之台灣高股息基金 (本基金並無保證收益及配息),96362236,0.24%,150410510,0.37%,0,0.00%,227600090,0.57%,29487634,0.07%,0,0.00%,249169,0.00%,504109639,1.25%
AC23,76874469,國泰亞洲非投資等級債券基金 (本基金之配息來源可能為本金),0,0.00%,0,0.00%,0,0.00%,5232062,1.07%,850180,0.17%,0,0.00%,169241,0.03%,6251483,1.27%
AH11,88114133,國泰台灣科技龍頭ETF基金,62179371,0.06%,77520825,0.07%,77496060,0.07%,289796990,0.27%,25357235,0.02%,0,0.00%,28235842,0.03%,405594203,0.37%
AH21,88185256,國泰全球智能電動車ETF基金,4592690,0.03%,3193560,0.02%,3161389,0.02%,91146292,0.60%,20254738,0.13%,0,0.00%,6955002,0.05%,122980893,0.81%
AH21,88237803,國泰全球基因免疫與醫療革命ETF基金,563003,0.04%,161087,0.01%,647216,0.05%,7869526,0.57%,1851636,0.13%,0,0.00%,905498,0.07%,10703534,0.77%
AA2,88259257,國泰美國ESG基金,741142,0.03%,27221,0.00%,0,0.00%,36858480,1.33%,4791610,0.17%,0,0.00%,142938,0.01%,42561391,1.54%
AH21,88317046,國泰全球數位支付服務ETF基金,6017505,0.09%,121448,0.00%,8468724,0.12%,36775222,0.53%,6895348,0.10%,0,0.00%,3017152,0.04%,44357951,0.65%
AH21,88325405,國泰全球品牌50ETF基金 (本基金之配息來源可能為收益平準金),907576,0.04%,566902,0.02%,4347117,0.19%,9322020,0.40%,2796598,0.12%,0,0.00%,1343057,0.06%,10589036,0.45%
AC21,88333046,國泰美國優質債券基金 (本基金有一定比重得投資於非投資等級之高風險債券且配息來源可能為本金),0,0.00%,0,0.00%,0,0.00%,45463583,0.67%,9097708,0.13%,0,0.00%,181959,0.00%,54743250,0.80%
AC21,88351536,國泰四年到期成熟市場投資等級債券基金 (本基金有相當比重投資於非投資等級之高風險債券且配息來源可能為本金),0,0.00%,0,0.00%,0,0.00%,11601163,0.33%,2784270,0.08%,0,0.00%,168161,0.00%,14553594,0.42%
AH11,88385923,國泰台灣領袖 50 ETF 基金 (基金之配息來源可能為收益平準金),9738237,0.01%,21224351,0.03%,159080,0.00%,70861779,0.11%,13311497,0.02%,0,0.00%,15203740,0.02%,130180524,0.19%
AH22,93149246,國泰10年以上投資級金融債券ETF基金 (基金之配息來源可能為收益平準金),0,0.00%,0,0.00%,0,0.00%,143885513,0.13%,35971391,0.03%,0,0.00%,18663607,0.02%,198520511,0.18%
AH25,663088,國泰大和日本不動產收息ETF基金 (本基金並無保證收益及配息),7137227,0.25%,0,0.00%,2932813,0.10%,4000684,0.14%,1228155,0.04%,0,0.00%,430930,0.01%,9864183,0.34%
AL11,669040,國泰台股動能高息主動式ETF基金 (基金之配息來源可能為收益平準金且並無保證收益及配息),55594216,0.25%,62421873,0.28%,40999598,0.19%,83453790,0.38%,4539711,0.02%,0,0.00%,381972,0.00%,165391964,0.75%
AC21,681109,國泰全球多元收益傘型基金之環球策略收益債券基金 (本基金有一定比重得投資於非投資等級之高風險債券且配息來源可能為本金),148667,0.00%,3409,0.00%,0,0.00%,37639242,0.26%,6524134,0.05%,0,0.00%,89608,0.00%,44405060,0.31%
AH22,681240,國泰全球多元收益傘型基金之全球收益非投資等級債券ETF基金 (基金之配息來源可能為收益平準金),0,0.00%,0,0.00%,0,0.00%,616458,0.06%,211354,0.02%,0,0.00%,180132,0.02%,1007944,0.10%
AA1,13984165,富達台灣成長基金,11954583,0.25%,22924826,0.47%,0,0.00%,51386830,1.06%,4820540,0.10%,0,0.00%,117097,0.00%,91203876,1.89%
AE23,99992354,富達卓越領航全球組合基金,0,0.00%,0,0.00%,0,0.00%,5440166,0.47%,932602,0.08%,0,0.00%,121266,0.01%,6494034,0.56%
AC21,42439952,富達亞洲總報酬基金 (本基金有相當比重投資於非投資等級之高風險債券且基金之配息來源可能為本金),954,0.00%,0,0.00%,0,0.00%,4054931,0.82%,855683,0.17%,0,0.00%,208422,0.04%,5119990,1.04%
AC23,42543391,富達亞洲非投資等級債券基金 (本基金之配息來源可能為本金),24313,0.00%,0,0.00%,0,0.00%,7086766,1.00%,1231184,0.17%,0,0.00%,161031,0.02%,8503294,1.20%
AE23,73639809,富達全球多重資產收益組合基金 (本基金得投資於非投資等級之高風險債券基金且配息來源可能為本金),9431,0.01%,377,0.00%,0,0.00%,1292106,0.83%,166232,0.11%,0,0.00%,193779,0.12%,1661925,1.07%
AJ2,88185777,富達智慧醫療多重資產收益基金 (本基金有相當比重投資於非投資等級之高風險債券且配息來源可能為本金或收益平準金),69888,0.01%,600,0.00%,0,0.00%,12614001,1.20%,1822022,0.17%,0,0.00%,170665,0.02%,14677176,1.40%
AJ2,88185798,富達未來通訊多重資產收益基金 (本基金有相當比重投資於非投資等級之高風險債券且配息來源可能為本金或收益平準金),144794,0.01%,333137,0.03%,0,0.00%,14603793,1.20%,2109438,0.17%,0,0.00%,154509,0.01%,17345671,1.42%
AJ2,88267382,富達永續減碳商機多重資產收益基金 (本基金有相當比重投資於非投資等級之高風險債券且配息來源可能為本金或收益平準金),119202,0.05%,106785,0.04%,0,0.00%,2844472,1.20%,410866,0.17%,0,0.00%,216101,0.09%,3697426,1.56%
AA2,88315666,富達永續全球股票收益基金 (本基金之配息來源可能為本金或收益平準金且並無保證收益及配息),14125,0.01%,31663,0.03%,0,0.00%,1452611,1.20%,225960,0.19%,0,0.00%,180429,0.15%,1904788,1.57%
AA1,18499732,德銀遠東DWS台灣旗艦基金,324062,0.02%,1068909,0.05%,0,0.00%,21802859,1.06%,2044017,0.10%,0,0.00%,163195,0.01%,25403042,1.24%
AD1,13999821,德銀遠東DWS台灣貨幣市場基金,0,0.00%,0,0.00%,0,0.00%,924402,0.03%,924402,0.03%,0,0.00%,1779493,0.06%,3628297,0.13%
AA2,99632577,德銀遠東DWS全球原物料能源基金,154829,0.04%,206067,0.06%,0,0.00%,4332023,1.20%,625742,0.17%,0,0.00%,1245225,0.34%,6563886,1.82%
AA1,13539952,凱基開創基金,1972350,0.18%,2923034,0.27%,0,0.00%,11645922,1.06%,1091812,0.10%,0,0.00%,67323,0.01%,17700441,1.61%
AD1,14703038,凱基凱旋貨幣市場基金,0,0.00%,0,0.00%,0,0.00%,1771623,0.06%,839182,0.03%,0,0.00%,131650,0.00%,2742455,0.10%
AA2,48882220,凱基台商天下基金,908129,0.15%,912072,0.16%,0,0.00%,7033616,1.20%,976893,0.17%,0,0.00%,176586,0.03%,10007296,1.70%
AA1,25612029,凱基台灣精五門基金,6606393,0.19%,8128030,0.23%,0,0.00%,36140239,1.03%,3503910,0.10%,0,0.00%,67323,0.00%,54445895,1.55%
AE21,25691430,凱基新興趨勢ETF組合基金,239029,0.18%,640,0.00%,0,0.00%,970417,0.73%,133077,0.10%,0,0.00%,67188,0.05%,1410351,1.06%
AA2,26323981,凱基新興市場中小基金,1196421,0.30%,597382,0.15%,0,0.00%,5368064,1.33%,724702,0.18%,0,0.00%,322464,0.08%,8209033,2.03%
AA2,31884076,凱基雲端趨勢基金,1478185,0.18%,633523,0.08%,0,0.00%,10948132,1.33%,1423261,0.17%,0,0.00%,68600,0.01%,14551701,1.77%
AA2,42485940,凱基醫院及長照產業基金,371322,0.12%,5323,0.00%,0,0.00%,4028814,1.33%,543852,0.18%,0,0.00%,67668,0.02%,5016979,1.66%
AH22,73658930,凱基全球息收ETF傘型基金之凱基10年期以上新興市場BBB美元主權債及類主權債券ETF基金 (本基金之配息來源可能為收益平準金),0,0.00%,0,0.00%,0,0.00%,47494656,0.13%,18997863,0.05%,0,0.00%,6307620,0.02%,72800139,0.20%
AH22,73658988,凱基全球息收ETF傘型基金之凱基10年期以上科技業公司債券ETF基金 (本基金之配息來源可能為收益平準金),0,0.00%,0,0.00%,0,0.00%,6524496,0.13%,3262244,0.07%,0,0.00%,1097637,0.02%,10884377,0.22%
AH22,74712291,凱基多元收益ETF傘型基金之凱基15年期以上AAA至A級美元公司債券ETF基金 (本基金之配息來源可能為收益平準金),0,0.00%,0,0.00%,0,0.00%,75486020,0.12%,20968340,0.03%,0,0.00%,9861400,0.02%,106315760,0.17%
AH22,74712308,凱基多元收益ETF傘型基金之凱基20年期以上美元金融債券ETF基金 (本基金之配息來源可能為收益平準金),0,0.00%,0,0.00%,0,0.00%,70202749,0.13%,17550681,0.03%,0,0.00%,9192087,0.02%,96945517,0.18%
AH22,74712314,凱基多元收益ETF傘型基金之凱基25年期以上美國公債ETF基金 (本基金之配息來源可能為收益平準金),0,0.00%,0,0.00%,0,0.00%,19053190,0.05%,11908233,0.03%,0,0.00%,2688433,0.01%,33649856,0.09%
AH22,75984663,凱基精選美元債券ETF傘型基金之凱基15年期以上美元投資等級精選公司債券ETF基金 (本基金之配息來源可能為收益平準金),0,0.00%,0,0.00%,0,0.00%,4765366,0.27%,1906136,0.11%,0,0.00%,875800,0.05%,7547302,0.42%
AH22,75984798,凱基精選美元債券ETF傘型基金之凱基20年期以上AAA至AA級大型美元公司債券ETF基金 (本基金之配息來源可能為收益平準金),0,0.00%,0,0.00%,0,0.00%,5473464,0.27%,2189377,0.11%,0,0.00%,1048755,0.05%,8711596,0.42%
AJ1,76324296,凱基臺灣多元收益多重資產基金,401906,0.06%,9059,0.00%,0,0.00%,4632982,0.73%,593974,0.09%,0,0.00%,71098,0.01%,5709019,0.89%
AJ2,76345187,凱基收益成長多重資產基金 (本基金有相當比重投資於非投資等級之高風險債券且配息來源可能為本金),2385814,0.02%,0,0.00%,0,0.00%,154927464,1.13%,23694781,0.17%,0,0.00%,85427,0.00%,181093486,1.32%
AC23,88091960,凱基全球ESG永續非投資等級債券基金 (本基金之配息來源可能為本金),0,0.00%,0,0.00%,0,0.00%,8447263,1.13%,1291923,0.17%,0,0.00%,67530,0.01%,9806716,1.32%
AJ2,88134692,凱基未來世代關鍵收息多重資產基金 (本基金之配息來源可能為本金),1707997,0.15%,1476,0.00%,0,0.00%,13595955,1.19%,1972362,0.17%,0,0.00%,68315,0.01%,17346105,1.52%
AH22,88176480,凱基環球傘型基金之凱基 15 年期以上美元 BBB 級 ESG 永續公司債券 ETF 基金 (本基金之配息來源可能為收益平準金),0,0.00%,0,0.00%,0,0.00%,1332044,0.21%,457890,0.07%,0,0.00%,714493,0.11%,2504427,0.40%
AA2,88176496,凱基環球趨勢基金,877889,0.15%,17492,0.00%,0,0.00%,7340494,1.28%,1072323,0.19%,0,0.00%,70052,0.01%,9378250,1.63%
AC21,88196444,凱基新興市場ESG永續主題債券基金 (本基金有相當比重投資於非投資等級之高風險債券且配息來源可能為本金),0,0.00%,0,0.00%,0,0.00%,12550862,1.07%,2030923,0.17%,0,0.00%,69891,0.01%,14651676,1.25%
AA2,88265589,凱基未來移動基金,372254,0.17%,126420,0.06%,0,0.00%,2991834,1.33%,418869,0.19%,0,0.00%,71169,0.03%,3980546,1.77%
AH11,88324665,凱基台灣優選高股息30 ETF基金 (本基金之配息來源可能為收益平準金且基金並無保證收益及配息),37244204,0.20%,78578850,0.42%,54922153,0.29%,31512808,0.17%,4411792,0.02%,0,0.00%,4997462,0.03%,101822963,0.54%
AJ2,88331075,凱基未來樂活多重資產基金 (本基金有相當比重投資於非投資等級之高風險債券),3445920,0.32%,11271,0.00%,0,0.00%,12262465,1.13%,1875429,0.17%,0,0.00%,87638,0.01%,17682723,1.62%
AH21,88396230,凱基全球菁英55 ETF基金,5114074,0.23%,346503,0.02%,2247791,0.10%,9780814,0.43%,2708513,0.12%,0,0.00%,1199581,0.05%,16901694,0.75%
AJ2,93104135,凱基實質收息多重資產基金 (本基金之配息來源可能為本金),625610,0.14%,18937,0.00%,0,0.00%,5167972,1.20%,746500,0.17%,0,0.00%,67108,0.02%,6626127,1.53%
AH22,93213801,凱基美國優選收益非投資等級債券ETF基金 (本基金之配息來源可能為收益平準金),0,0.00%,0,0.00%,0,0.00%,25171205,0.20%,5034250,0.04%,0,0.00%,3480991,0.03%,33686446,0.27%
AH22,505048,凱基全球10年期以上美元A級公司債券ETF基金 (本基金之配息來源可能為收益平準金),0,0.00%,0,0.00%,0,0.00%,73419164,0.13%,18354790,0.03%,0,0.00%,9587093,0.02%,101361047,0.18%
AH11,512110,凱基優選台灣 AI 50 ETF基金 (本基金之配息來源可能為收益平準金),4143020,0.11%,6712568,0.18%,2052696,0.06%,9843295,0.27%,861297,0.02%,0,0.00%,1530603,0.04%,21038087,0.57%
AH11,93159187,凱基台灣優選30 ETF基金 (本基金之配息來源可能為收益平準金),1503087,0.08%,2147176,0.11%,1878043,0.10%,4517146,0.23%,451712,0.02%,0,0.00%,987630,0.05%,7728708,0.40%
AH26,584649,凱基美國Top股債平衡ETF基金,778597,0.08%,1123,0.00%,0,0.00%,4953628,0.53%,1114562,0.12%,0,0.00%,814064,0.09%,7661974,0.82%
AH26,609521,凱基雙核收息債股平衡ETF基金 (本基金之配息來源可能為收益平準金且基金並無保證收益及配息),863127,0.04%,1143946,0.05%,0,0.00%,8579745,0.40%,2001928,0.09%,0,0.00%,1324932,0.06%,13913678,0.65%
AH11,655756,凱基台灣TOP 50 ETF基金,222247644,0.20%,140511529,0.12%,164518850,0.15%,48149799,0.04%,18572072,0.02%,0,0.00%,24833628,0.02%,289795822,0.26%
AL11,684611,凱基台灣主動式ETF基金,37515657,0.16%,25481138,0.11%,49929360,0.21%,39189748,0.17%,1828858,0.01%,0,0.00%,244284,0.00%,54330325,0.23%
AA1,48948834,施羅德台灣樂活中小基金,7090539,0.28%,8227908,0.32%,0,0.00%,23152087,0.90%,2547232,0.10%,0,0.00%,76262,0.00%,41094028,1.60%
AC23,31825598,施羅德中國非投資等級債券基金 (基金之配息來源可能為本金),0,0.00%,0,0.00%,0,0.00%,3690684,1.00%,615112,0.17%,0,0.00%,100393,0.03%,4406189,1.19%
AJ2,88114823,施羅德全週期成長多重資產基金 (本基金有相當比重投資於非投資等級之高風險債券且基金之配息來源可能為本金),256266,0.01%,1104580,0.03%,0,0.00%,39893743,1.06%,6233397,0.17%,0,0.00%,176472,0.00%,47664458,1.27%
AE23,88339787,施羅德全週期動態多元資產組合基金 (本基金有相當比重投資於非投資等級之高風險債券且基金之配息來源可能為本金),164936,0.02%,2994,0.00%,0,0.00%,8360772,1.00%,724601,0.09%,0,0.00%,134178,0.02%,9387481,1.12%
AJ2,530855,施羅德美國成長多重資產基金 (本基金有相當比重投資於非投資等級之高風險債券),23676,0.00%,3378,0.00%,0,0.00%,2028381,0.20%,1138081,0.11%,0,0.00%,138183,0.01%,3331699,0.33%
AJ2,571840,施羅德台美雙利多重資產基金 (本基金有相當比重投資於非投資等級之高風險債券且配息來源可能為本金),2703784,0.14%,3179232,0.16%,0,0.00%,20662791,1.06%,3486846,0.18%,0,0.00%,161696,0.01%,30194349,1.55%
AC21,646440,施羅德智選優質美元債券基金 (本基金有相當比重投資於非投資等級之高風險債券且配息來源可能為本金),0,0.00%,0,0.00%,0,0.00%,7934470,0.64%,1647893,0.13%,0,0.00%,131091,0.01%,9713454,0.79%
AA1,14694495,街口台灣基金,3239216,0.31%,5376946,0.51%,0,0.00%,11216808,1.06%,1051571,0.10%,0,0.00%,91030,0.01%,20975571,1.99%
AD1,15566790,街口平安貨幣市場基金,0,0.00%,0,0.00%,0,0.00%,183038,0.05%,78428,0.02%,0,0.00%,112319,0.03%,373785,0.10%
AA1,80892778,街口中小型基金,2083486,0.25%,3402881,0.42%,0,0.00%,8705521,1.06%,816138,0.10%,0,0.00%,90745,0.01%,15098771,1.84%
AA2,48842261,街口全球時尚精品基金,262789,0.12%,62944,0.03%,0,0.00%,2525567,1.20%,364807,0.17%,0,0.00%,103580,0.05%,3319687,1.58%
AA1,15733973,富蘭克林華美第一富基金,10894910,0.20%,21261742,0.38%,0,0.00%,58886705,1.06%,5522696,0.10%,0,0.00%,110999,0.00%,96677052,1.74%
AE22,21718768,富蘭克林華美富蘭克林全球債券組合基金 (本基金之配息來源可能為本金),637760,0.06%,900,0.00%,0,0.00%,7473211,0.66%,1056380,0.09%,0,0.00%,113741,0.01%,9281992,0.82%
AE21,48858299,富蘭克林華美坦伯頓全球股票組合基金,4129484,0.53%,14950,0.00%,0,0.00%,3739532,0.48%,720821,0.09%,0,0.00%,54688,0.01%,8659475,1.12%
AA2,48997270,富蘭克林華美新世界股票基金,3978937,0.16%,1045060,0.04%,0,0.00%,33894807,1.33%,4745268,0.19%,0,0.00%,199188,0.01%,43863260,1.72%
AA2,25515602,富蘭克林華美中華基金,1064878,0.23%,641797,0.14%,0,0.00%,5546233,1.20%,801130,0.17%,0,0.00%,194343,0.04%,8248381,1.78%
AE21,25687668,富蘭克林華美新興趨勢傘型基金之天然資源組合基金,832961,0.21%,1603,0.00%,0,0.00%,3117649,0.80%,389700,0.10%,0,0.00%,73216,0.02%,4415129,1.13%
AA2,26287795,富蘭克林華美中國消費基金,5630557,0.41%,3823759,0.28%,0,0.00%,18155342,1.33%,2360195,0.17%,0,0.00%,298057,0.02%,30267910,2.22%
AA1,26310297,富蘭克林華美台股傘型基金之高科技基金,3444869,0.08%,6284698,0.14%,0,0.00%,47286615,1.06%,4433122,0.10%,0,0.00%,63082,0.00%,61512386,1.38%
AC23,31836244,富蘭克林華美全球非投資等級債券基金 (本基金之配息來源可能為本金),0,0.00%,0,0.00%,0,0.00%,100644491,1.20%,13978396,0.17%,0,0.00%,217240,0.00%,114840127,1.37%
AD1,31897044,富蘭克林華美貨幣市場基金,0,0.00%,0,0.00%,0,0.00%,10761891,0.03%,10761891,0.03%,0,0.00%,959042,0.00%,22482824,0.07%
AC21,31920832,富蘭克林華美全球投資級債券基金 (本基金之配息來源可能為本金),0,0.00%,0,0.00%,0,0.00%,7089320,0.67%,1843232,0.17%,0,0.00%,54742,0.01%,8987294,0.84%
AA2,38547424,富蘭克林華美中國傘型基金之中國A股基金,7012198,0.21%,2863319,0.09%,0,0.00%,44214654,1.33%,5747899,0.17%,0,0.00%,508649,0.02%,60346719,1.82%
AA2,38639351,富蘭克林華美全球成長基金,1074181,0.22%,450829,0.09%,0,0.00%,6543482,1.33%,850651,0.17%,0,0.00%,166426,0.03%,9085569,1.85%
AJ2,42392226,富蘭克林華美多重資產收益基金 (本基金有相當比重投資於非投資等級之高風險債券且基金之配息來源可能為本金),17206851,0.16%,2665450,0.02%,0,0.00%,132311925,1.19%,19133810,0.17%,0,0.00%,157155,0.00%,171475191,1.55%
AB2,42407614,富蘭克林華美亞太平衡基金 (本基金有相當比重投資於非投資等級之高風險債券且基金之配息來源可能為本金),3463410,0.26%,919812,0.07%,0,0.00%,14849132,1.13%,2271044,0.17%,0,0.00%,441194,0.03%,21944592,1.67%
AE22,42539713,富蘭克林華美退休傘型之目標2027組合基金,103289,0.06%,171,0.00%,0,0.00%,420872,0.25%,158899,0.09%,0,0.00%,54637,0.03%,737868,0.43%
AE21,42539729,富蘭克林華美退休傘型之目標2037組合基金,203883,0.03%,1506,0.00%,0,0.00%,2501780,0.40%,589710,0.09%,0,0.00%,57410,0.01%,3354289,0.53%
AE21,42539734,富蘭克林華美退休傘型之目標2047組合基金,5614846,1.09%,16842,0.00%,0,0.00%,2583430,0.50%,479401,0.09%,0,0.00%,61552,0.01%,8756071,1.70%
AA2,42547333,富蘭克林華美全球醫療保健基金,585757,0.08%,38693,0.01%,0,0.00%,9219635,1.20%,1485382,0.19%,0,0.00%,226393,0.03%,11555860,1.50%
AA2,72953322,富蘭克林華美特別股收益基金 (本基金之配息來源可能為本金),2091269,0.10%,8160,0.00%,0,0.00%,21462389,1.00%,3724244,0.17%,0,0.00%,128158,0.01%,27414220,1.28%
AC21,75006701,富蘭克林華美新興國家固定收益基金 (本基金有相當比重投資於非投資等級之高風險債券且基金之配息來源可能為本金),3516,0.00%,0,0.00%,0,0.00%,55484849,1.13%,8812297,0.18%,0,0.00%,277151,0.01%,64577813,1.32%
AA2,88106817,富蘭克林華美AI新科技基金,8081088,0.07%,2679242,0.02%,0,0.00%,147215092,1.33%,19874046,0.18%,0,0.00%,135614,0.00%,177985082,1.61%
AH21,88251656,富蘭克林華美全球潔淨能源ETF基金,894523,0.21%,49855,0.01%,368082,0.09%,2562671,0.60%,569481,0.13%,0,0.00%,597944,0.14%,4306392,1.01%
AH11,88266320,富蘭克林華美臺灣Smart ETF基金,7512017,0.09%,16485207,0.20%,5050544,0.06%,19155446,0.24%,1885289,0.02%,0,0.00%,2544884,0.03%,42532299,0.52%
AA2,88262598,富蘭克林華美生技基金,528533,0.13%,1322,0.00%,0,0.00%,5298091,1.33%,741742,0.19%,0,0.00%,101565,0.03%,6671253,1.68%
AA2,88393682,富蘭克林華美全球基礎建設收益基金 (本基金之配息來源可能為本金),3791774,0.23%,630899,0.04%,0,0.00%,22273398,1.33%,3118285,0.19%,0,0.00%,123408,0.01%,29937764,1.79%
AC23,93155653,富蘭克林華美優選非投資等級債券基金 (本基金之配息來源可能為本金),0,0.00%,0,0.00%,0,0.00%,32621529,1.20%,4712008,0.17%,0,0.00%,109254,0.00%,37442791,1.38%
AH11,516729,富蘭克林華美臺灣ESG永續高息ETF基金,8983511,0.29%,7276880,0.24%,13204354,0.43%,8194962,0.26%,713134,0.02%,0,0.00%,1905014,0.06%,13869147,0.45%
AH22,579456,富蘭克林華美20年期以上BBB投資級美元公司債ETF基金 (本基金之配息來源可能為收益平準金),0,0.00%,0,0.00%,0,0.00%,604976,0.20%,201663,0.07%,0,0.00%,212499,0.07%,1019138,0.34%
AH22,600887,富蘭克林華美10年期以上投資級美元金融債ETF基金 (本基金之配息來源可能為收益平準金),0,0.00%,0,0.00%,0,0.00%,544579,0.20%,308613,0.11%,0,0.00%,239895,0.09%,1093087,0.40%
AJ2,673446,富蘭克林華美美國收益多重資產基金 (本基金有相當比重投資於非投資等級之高風險債券且基金之配息來源可能為本金),459075,0.01%,0,0.00%,0,0.00%,19004770,0.31%,2850711,0.05%,0,0.00%,26009,0.00%,22340565,0.36%
AA1,974241,台新台灣富貴基金,1370701,0.09%,2425950,0.15%,0,0.00%,12541867,0.80%,1567743,0.10%,0,0.00%,113494,0.01%,18019755,1.15%
AD1,97988122,台新吉星貨幣市場基金,0,0.00%,0,0.00%,0,0.00%,9130294,0.04%,6086874,0.03%,0,0.00%,875690,0.00%,16092858,0.07%
AA1,81588536,台新台灣中小基金,1976101,0.13%,2507008,0.16%,0,0.00%,16681890,1.07%,1563921,0.10%,0,0.00%,113569,0.01%,22842489,1.46%
AA1,81585242,台新創新科技基金,2637210,0.07%,4615566,0.12%,0,0.00%,39465487,1.07%,3453218,0.09%,0,0.00%,113544,0.00%,50285025,1.36%
AD1,73987460,台新大眾貨幣市場基金,0,0.00%,0,0.00%,0,0.00%,19856722,0.04%,15243314,0.03%,0,0.00%,1060948,0.00%,36160984,0.07%
AA1,73998071,台新店頭基金,564113,0.08%,999467,0.14%,0,0.00%,7695619,1.07%,721461,0.10%,0,0.00%,113494,0.02%,10094154,1.40%
AD1,19341387,台新1699貨幣市場基金,0,0.00%,0,0.00%,0,0.00%,53266396,0.04%,26633196,0.02%,0,0.00%,2797561,0.00%,82697153,0.06%
AA1,17602821,台新2000高科技基金,6564396,0.11%,7544330,0.12%,0,0.00%,55226013,0.90%,6095142,0.10%,0,0.00%,113594,0.00%,75543475,1.24%
AA1,13986924,台新大三通基金,2627885,0.20%,4175858,0.32%,0,0.00%,13848604,1.07%,1298312,0.10%,0,0.00%,113483,0.01%,22064142,1.70%
AA1,80894446,台新中國通基金,6580068,0.29%,9121647,0.40%,0,0.00%,24302686,1.07%,2278380,0.10%,0,0.00%,113544,0.00%,42396325,1.86%
AB1,21719942,台新高股息平衡基金,5475602,0.44%,8665385,0.70%,0,0.00%,9949056,0.80%,994900,0.08%,0,0.00%,113519,0.01%,25198462,2.02%
AG,48753605,台新北美收益資產證券化基金 (本基金配息來源可能為本金),6295666,0.18%,45005,0.00%,0,0.00%,33452329,0.93%,5954932,0.17%,0,0.00%,143637,0.00%,45891569,1.28%
AA1,48858663,台新主流基金,6876434,0.27%,9277737,0.36%,0,0.00%,27152595,1.07%,2545560,0.10%,0,0.00%,113854,0.00%,45966180,1.80%
AA2,25515841,台新中國成長基金,1471651,0.33%,629868,0.14%,0,0.00%,4952832,1.11%,775128,0.17%,0,0.00%,147469,0.03%,7976948,1.78%
AA2,25691213,台新中國精選中小基金,1065965,0.46%,576930,0.25%,0,0.00%,2804678,1.20%,405117,0.17%,0,0.00%,122871,0.05%,4975561,2.13%
AA2,26291783,台新新興傘型基金之台新新興市場機會股票基金,75023,0.12%,43214,0.07%,0,0.00%,853954,1.33%,800000,1.25%,0,0.00%,115496,0.18%,1887687,2.94%
AA2,26322646,台新印度基金,2588412,0.52%,1642409,0.33%,0,0.00%,6640867,1.33%,863318,0.17%,0,0.00%,568364,0.11%,12303370,2.47%
AI2,38527497,台新中國傘型基金之台新中証消費服務領先指數基金,2852812,0.13%,970108,0.04%,0,0.00%,21743282,1.00%,3768833,0.17%,0,0.00%,455029,0.02%,29790064,1.37%
AA2,38600433,台新全球生技醫療基金,1345366,0.24%,73836,0.01%,0,0.00%,6585008,1.20%,1097502,0.20%,0,0.00%,118826,0.02%,9220538,1.68%
AB2,42384458,台新美國豐收平衡基金 (本基金有相當比重投資於非投資等級之高風險債券且基金之配息來源可能為本金),19646,0.01%,786,0.00%,0,0.00%,3367997,1.10%,530723,0.17%,0,0.00%,113209,0.04%,4032361,1.32%
AE23,42385490,台新全球多元資產組合基金 (本基金得投資於非投資等級之高風險債券基金且配息來源可能為本金),42462,0.01%,252,0.00%,0,0.00%,2653835,0.69%,358422,0.09%,0,0.00%,114229,0.03%,3169200,0.82%
AC21,42443463,台新全球債券基金 (本基金有一定比重得投資於非投資等級之高風險債券且基金之配息來源可能為本金),0,0.00%,0,0.00%,0,0.00%,15933560,0.67%,2549573,0.11%,0,0.00%,119669,0.01%,18602802,0.78%
AH21,42528997,台新MSCI中國基金,81457,0.04%,84163,0.04%,144269,0.07%,1264585,0.60%,281019,0.13%,0,0.00%,1057555,0.50%,2624510,1.25%
AA2,42549228,台新智慧生活基金,8293958,0.25%,810006,0.02%,0,0.00%,30720395,0.91%,5854990,0.17%,0,0.00%,124392,0.00%,45803741,1.35%
AH22,72959748,台新摩根大通新興市場投資等級美元債券ETF基金,0,0.00%,0,0.00%,0,0.00%,978605,0.23%,447348,0.11%,0,0.00%,1224958,0.29%,2650911,0.63%
AA2,73706623,台新全球AI新創產業基金,3110932,0.10%,25073,0.00%,0,0.00%,39968733,1.33%,5195932,0.17%,0,0.00%,142271,0.00%,48442941,1.61%
AH22,74708894,台新全方位收益ETF傘型基金之台新富時15年以上特選產業美元投資等級債券ETF基金,0,0.00%,0,0.00%,0,0.00%,14973149,0.20%,6987465,0.09%,0,0.00%,1885244,0.03%,23845858,0.32%
AC23,75961079,台新優先順位資產抵押非投資等級債券基金 (本基金配息來源可能為本金),0,0.00%,0,0.00%,0,0.00%,12949391,0.83%,2699991,0.17%,0,0.00%,163883,0.01%,15813265,1.01%
AH22,76301054,台新息收傘型基金之台新美元銀行債券15年期以上ETF基金,0,0.00%,0,0.00%,0,0.00%,605301,0.13%,453978,0.10%,0,0.00%,496170,0.11%,1555449,0.34%
AH22,76307395,台新首選收益傘型基金之台新15年期(以上)美元金融債券ETF基金,0,0.00%,0,0.00%,0,0.00%,10084583,0.13%,5042290,0.07%,0,0.00%,1662614,0.02%,16789487,0.22%
AA2,76307521,台新全球特別股收益基金 (本基金之配息來源可能為本金),28172,0.02%,264,0.00%,0,0.00%,1314229,1.13%,208727,0.18%,0,0.00%,113209,0.10%,1664601,1.43%
AH21,76321684,台新SG全球AI機器人精選ETF基金,430596,0.11%,101499,0.03%,121362,0.03%,1904645,0.50%,634882,0.17%,0,0.00%,1756238,0.46%,4706498,1.23%
AH22,76492552,台新優質收益ETF傘型基金之台新15年期(以上)A-BBB美元電信債券ETF基金,0,0.00%,0,0.00%,0,0.00%,21570961,0.13%,6471279,0.04%,0,0.00%,3210652,0.02%,31252892,0.19%
AC21,76861627,台新新興富域國家債券基金 (本基金有相當比重投資於非投資等級之高風險債券且基金之配息來源可能為本金),0,0.00%,0,0.00%,0,0.00%,3509960,1.00%,608389,0.17%,0,0.00%,118750,0.03%,4237099,1.21%
AC23,77211242,台新新興短期非投資等級債券基金 (本基金配息來源可能為本金),0,0.00%,0,0.00%,0,0.00%,4078085,1.13%,623702,0.17%,0,0.00%,113209,0.03%,4814996,1.34%
AC23,88100948,台新策略優選總回報非投資等級債券基金 (本基金配息來源可能為本金),0,0.00%,0,0.00%,0,0.00%,15982747,0.93%,2961525,0.17%,0,0.00%,126024,0.01%,19070296,1.11%
AI2,88125080,台新恒生科技指數基金,207599,0.03%,218877,0.03%,0,0.00%,6856208,1.00%,914170,0.13%,0,0.00%,471961,0.07%,8668815,1.26%
AC21,88120326,台新ESG新興市場債券基金 (本基金有相當比重投資於非投資等級之高風險債券且配息來源可能為本金),39692,0.00%,0,0.00%,0,0.00%,18523967,1.01%,3170432,0.17%,0,0.00%,124047,0.01%,21858138,1.19%
AA2,88185431,台新ESG環保愛地球成長基金,596366,0.09%,103363,0.02%,0,0.00%,8396929,1.33%,1133584,0.18%,0,0.00%,113237,0.02%,10343479,1.64%
AA2,88198132,台新中國政策趨勢基金,615104,0.25%,330579,0.13%,0,0.00%,3297678,1.33%,428702,0.17%,0,0.00%,119686,0.05%,4791749,1.93%
AH11,88265048,台新臺灣全市場半導體精選30ETF基金,6615060,0.11%,9900489,0.17%,8482183,0.14%,15641977,0.27%,1368676,0.02%,0,0.00%,1697709,0.03%,26741728,0.45%
AA1,88316721,台新臺灣高股息基金 (本基金並無保證收益及配息),778590,0.29%,1200656,0.45%,0,0.00%,2689435,1.00%,268939,0.10%,0,0.00%,113589,0.04%,5051209,1.88%
AC23,88325524,台新美國策略時機非投資等級債券基金 (本基金配息來源可能為本金),0,0.00%,0,0.00%,0,0.00%,11159199,0.73%,2654350,0.17%,0,0.00%,128377,0.01%,13941926,0.91%
AJ2,88388506,台新全球多重資產基金 (本基金有相當比重投資於非投資等級之高風險債券且基金之配息來源可能為本金),86979,0.02%,988,0.00%,0,0.00%,5336358,1.20%,770808,0.17%,0,0.00%,113209,0.03%,6308342,1.42%
AC21,93100813,台新四年到期美國投資等級債券基金 (本基金有相當比重投資於非投資等級之高風險債券),0,0.00%,0,0.00%,0,0.00%,1246658,0.33%,299207,0.08%,0,0.00%,116068,0.03%,1661933,0.44%
AH11,93150593,台新臺灣永續高息中小型ETF基金 (基金之配息來源可能為收益平準金),19666217,0.32%,40606957,0.66%,29834520,0.49%,16345793,0.27%,1430259,0.02%,0,0.00%,2008441,0.03%,50223147,0.82%
AC21,93147802,台新靈活入息債券基金 (本基金有一定比重得投資於非投資等級之高風險債券且配息來源可能為本金),0,0.00%,0,0.00%,0,0.00%,18783089,0.76%,4274078,0.17%,0,0.00%,113209,0.00%,23170376,0.94%
AH22,93210760,台新美國20年期以上A級公司債券ETF基金 (基金之配息來源可能為收益平準金),0,0.00%,0,0.00%,0,0.00%,31786456,0.12%,8829567,0.03%,0,0.00%,5171741,0.02%,45787764,0.17%
AH11,93216764,台新臺灣IC設計動能ETF基金 (基金之配息來源可能為收益平準金),15815546,0.24%,15690884,0.24%,21949761,0.33%,17672774,0.26%,1546370,0.02%,0,0.00%,2177885,0.03%,30953698,0.46%
AH21,508426,台新日本半導體ETF基金 (基金之配息來源可能為收益平準金),5013164,0.14%,0,0.00%,6613765,0.19%,10522122,0.30%,4676508,0.13%,0,0.00%,2190619,0.06%,15788648,0.45%
AA2,517396,台新美日台半導體基金,6532214,0.20%,606154,0.02%,0,0.00%,34080321,1.03%,5968524,0.18%,0,0.00%,143533,0.00%,47330746,1.43%
AH11,526070,台新臺灣AI優息動能ETF基金,1036887,0.15%,1543312,0.22%,1401828,0.20%,1853149,0.27%,162142,0.02%,0,0.00%,667617,0.10%,3861279,0.55%
AH22,533678,台新20年期以上BBB美元投資等級公司債ETF基金,0,0.00%,0,0.00%,0,0.00%,5158251,0.13%,2579114,0.07%,0,0.00%,1365864,0.04%,9103229,0.24%
AH22,569302,台新10年期以上特選全球BBB美元投資等級公司債券ETF基金,0,0.00%,0,0.00%,0,0.00%,930744,0.17%,558456,0.10%,0,0.00%,619732,0.11%,2108932,0.38%
AH21,582311,台新美國電力基建息收ETF基金,10785962,0.11%,95897,0.00%,11672739,0.12%,43872750,0.45%,9697739,0.10%,0,0.00%,5555683,0.06%,58335292,0.60%
AH21,583509,台新全球傘型基金之台新標普500 ETF基金 (基金之配息來源可能為收益平準金),67582,0.03%,923,0.00%,93971,0.05%,413892,0.20%,206950,0.10%,0,0.00%,924802,0.45%,1520178,0.73%
AH21,583515,台新全球傘型基金之標普科技精選 ETF 基金 (基金之配息來源可能為收益平準金),118448,0.05%,1966,0.00%,91277,0.04%,487293,0.20%,243639,0.10%,0,0.00%,973606,0.40%,1733675,0.71%
AJ2,583521,台新全球傘型基金之台新收益領航多重資產基金 (本基金有相當比重投資於非投資等級之高風險債券且配息來源可能為本金),2082223,0.12%,739673,0.04%,0,0.00%,20622369,1.20%,2978795,0.17%,0,0.00%,113442,0.01%,26536502,1.54%
AL21,602169,台新全球龍頭成長主動式ETF基金,588858,0.09%,64717,0.01%,423754,0.07%,4311840,0.67%,1077954,0.17%,0,0.00%,269202,0.04%,5888817,0.91%
AL11,607592,台新臺灣優勢成長主動式ETF基金 (基金之配息來源可能為收益平準金),9407914,0.39%,14290793,0.60%,9889391,0.41%,11927303,0.50%,556610,0.02%,0,0.00%,320618,0.01%,26613847,1.11%
AH22,654953,台新美國聚焦傘型基金之台新美國優選收益非投資等級債券ETF基金 (本基金之配息來源可能為收益平準金且無保證收益及配息),0,0.00%,0,0.00%,0,0.00%,1205540,0.16%,413331,0.05%,0,0.00%,413061,0.05%,2031932,0.27%
AI2,654975,台新美國聚焦傘型基金之台新美國標普日常消費品精選行業指數基金,8945709,0.22%,121094,0.00%,0,0.00%,12630464,0.31%,3343351,0.08%,0,0.00%,1241211,0.03%,26281829,0.64%
AI2,671405,台新彭博美國成長指數基金,3553243,0.12%,14534,0.00%,0,0.00%,8388991,0.29%,1677811,0.06%,0,0.00%,569336,0.02%,14203915,0.49%
AA2,719180,台新全球AI電力基金,957362,0.01%,343156,0.01%,0,0.00%,4303215,0.07%,580934,0.01%,0,0.00%,7614,0.00%,6192281,0.09%
AA1,26320632,合庫台灣基金 (本基金之配息來源可能為本金),2479444,0.22%,4363237,0.38%,0,0.00%,12165739,1.06%,1140547,0.10%,0,0.00%,85478,0.01%,20234445,1.77%
AC23,31890485,合庫全球非投資等級債券基金 (本基金之配息來源可能為本金),0,0.00%,0,0.00%,0,0.00%,7076582,1.00%,849194,0.12%,0,0.00%,164899,0.02%,8090675,1.14%
AE22,31972676,合庫新興多重收益基金 (本基金之子基金得投資於非投資等級之高風險債券且配息來源可能為本金),344097,0.14%,45078,0.02%,0,0.00%,2004430,0.80%,233845,0.09%,0,0.00%,90059,0.04%,2717509,1.08%
AD1,42299571,合庫貨幣市場基金,0,0.00%,0,0.00%,0,0.00%,15273809,0.05%,8929230,0.03%,0,0.00%,1507559,0.01%,25710598,0.09%
AI2,72938266,合庫標普利變特別股收益指數基金 (本基金之配息可能涉及本金),67001,0.01%,0,0.00%,0,0.00%,4061472,0.87%,718570,0.15%,0,0.00%,833728,0.18%,5680771,1.21%
AA2,73694788,合庫AI電動車及車聯網創新基金,791655,0.07%,144960,0.01%,0,0.00%,14695076,1.33%,2057306,0.19%,0,0.00%,93374,0.01%,17782371,1.61%
AA1,77713842,合庫台灣高科技基金,1763312,0.21%,3341352,0.40%,0,0.00%,8805792,1.06%,825542,0.10%,0,0.00%,85478,0.01%,14821476,1.79%
AJ2,88187780,合庫全球醫療照護產業多重資產收益基金 (本基金之配息來源可能為本金),466912,0.05%,24772,0.00%,0,0.00%,12216446,1.20%,1764598,0.17%,0,0.00%,99661,0.01%,14572389,1.43%
AE23,88183150,合庫樂活安養ESG穩健成長組合基金 (本基金有相當比重投資於高風險非投資等級債券基金),69219,0.02%,0,0.00%,0,0.00%,4261974,1.00%,397778,0.09%,0,0.00%,85713,0.02%,4814684,1.13%
AE23,88183172,合庫樂活安養ESG積極成長組合基金 (本基金有相當比重投資於高風險非投資等級債券基金且配息來源可能涉及本金),74753,0.02%,0,0.00%,0,0.00%,4402228,1.00%,410883,0.09%,0,0.00%,85683,0.02%,4973547,1.13%
AA2,88282172,合庫全球核心基礎建設收益基金 (本基金之配息來源可能為本金),229151,0.09%,8,0.00%,0,0.00%,3374524,1.33%,472435,0.19%,0,0.00%,165336,0.07%,4241454,1.67%
AJ2,88269419,合庫2032目標日期多重資產收益基金 (本基金之配息來源可能為本金),589599,0.07%,101527,0.01%,0,0.00%,8710507,1.00%,929126,0.11%,0,0.00%,106681,0.01%,10437440,1.20%
AJ2,506172,合庫入息優化多重資產基金 (本基金有相當比重投資於非投資等級之高風險債券且配息來源可能為本金),639218,0.17%,1113,0.00%,0,0.00%,3857369,1.00%,720052,0.19%,0,0.00%,114467,0.03%,5332219,1.38%
AJ2,527269,合庫AI多重資產基金 (本基金有相當比重投資於非投資等級之高風險債券且配息來源可能為本金),390191,0.13%,300913,0.10%,0,0.00%,3276747,1.13%,501164,0.17%,0,0.00%,119313,0.04%,4588328,1.58%
AJ2,575347,合庫核心趨勢多重資產基金 (本基金有相當比重投資於非投資等級之高風險債券且配息來源可能為本金),898979,0.16%,219699,0.04%,0,0.00%,6782898,1.20%,979751,0.17%,0,0.00%,115650,0.02%,8996977,1.59%
AC21,601020,合庫全球複合收益債券基金 (本基金有一定比重投資於非投資等級之高風險債券且配息來源可能為本金),0,0.00%,0,0.00%,0,0.00%,21921561,0.94%,4051834,0.17%,0,0.00%,156475,0.01%,26129870,1.12%
AJ2,666281,合庫AI電力創新多重資產基金 (本基金有相當比重投資於非投資等級之高風險債券且配息來源可能為本金。),9005840,0.25%,860835,0.02%,0,0.00%,18697995,0.52%,2700821,0.08%,0,0.00%,70398,0.00%,31335889,0.88%
AC21,77060223,大華銀七年到期新興市場債券基金 (本基金有相當比重投資於非投資等級之高風險債券且配息來源可能為本金),0,0.00%,0,0.00%,0,0.00%,1979497,0.47%,339354,0.08%,0,0.00%,71046,0.02%,2389897,0.56%
AG,88091357,大華銀新加坡房地產收益基金 (本基金有相當比重投資於非投資等級之高風險債券且配息來源可能為本金),3259381,0.21%,213147,0.01%,0,0.00%,18550703,1.20%,2679501,0.17%,0,0.00%,152142,0.01%,24854874,1.61%
AC21,88106582,大華銀四至六年機動到期全球投資等級債券基金 (本子基金有一定比重投資於非投資等級之高風險債券且配息來源可能為本金),0,0.00%,0,0.00%,0,0.00%,1206703,0.33%,289599,0.08%,0,0.00%,24792,0.01%,1521094,0.42%
AC21,88106598,大華銀四至六年機動到期新興市場優質主權債券基金 (本子基金有相當比重投資於非投資等級之高風險債券且配息來源可能為本金),0,0.00%,0,0.00%,0,0.00%,6425453,0.33%,1542098,0.08%,0,0.00%,24139,0.00%,7991690,0.41%
AC21,88169306,大華銀亞洲ESG債券基金 (本基金有一定比重投資於非投資等級之高風險債券且配息來源可能為本金),7629,0.00%,0,0.00%,0,0.00%,3244713,1.07%,446129,0.15%,0,0.00%,70772,0.02%,3769243,1.24%
AH11,88329556,大華銀台灣優選股利高填息30ETF基金 (本基金並無保證收益及配息且配息來源可能為收益平準金),162322165,0.17%,321044379,0.34%,175429377,0.19%,219757837,0.23%,21975794,0.02%,0,0.00%,22597157,0.02%,572267955,0.61%
AF,88346957,大華銀六年期美元保本基金 (本基金為保護型保本基金，保本比率為本金之100%，但投資人於基金到期日前提出買回申請，到期前之買回淨值不保證會高於基金保本率或發行價格),0,0.00%,0,0.00%,0,0.00%,0,0.00%,139900,0.07%,0,0.00%,70639,0.03%,210539,0.10%
AC21,93146965,大華銀全球短年期投資等級債券基金 (本基金有一定比重投資於非投資等級之高風險債券且配息來源可能為本金),0,0.00%,0,0.00%,0,0.00%,5994132,0.80%,749287,0.10%,0,0.00%,75891,0.01%,6819310,0.91%
AH22,515073,大華銀15年期以上BBB投資等級美國公司債券ETF基金 (本基金之配息來源可能為收益平準金),0,0.00%,0,0.00%,0,0.00%,10671619,0.20%,3245162,0.06%,0,0.00%,1639651,0.03%,15556432,0.29%
AH22,580854,大華銀優化收益15年期以上A級美國公司債券ETF基金 (本基金並無保證收益及配息且配息來源可能為收益平準金),0,0.00%,0,0.00%,0,0.00%,5025687,0.20%,1649731,0.07%,0,0.00%,982260,0.04%,7657678,0.30%
AH22,580860,大華銀優化票息20年期以上美國政府債券ETF基金 (本基金並無保證收益及配息且配息來源可能為收益平準金),0,0.00%,0,0.00%,0,0.00%,374950,0.08%,312457,0.07%,0,0.00%,200129,0.04%,887536,0.19%
AH21,648622,大華銀Magnificent 7 Plus美國大型科技ETF基金,9771894,0.16%,40277,0.00%,7617018,0.13%,11462295,0.19%,5205740,0.09%,0,0.00%,1714407,0.03%,20577595,0.34%
AH21,719554,大華銀韓國KOSPI 50 ETF基金,4312012,0.14%,0,0.00%,781034,0.03%,500910,0.02%,233758,0.01%,0,0.00%,132031,0.00%,4397677,0.14%
AA1,42532205,路博邁台灣5G股票基金 (基金之配息來源可能為本金),221998166,0.73%,290932927,0.96%,0,0.00%,364313938,1.20%,40479328,0.13%,0,0.00%,234023,0.00%,917958382,3.02%
AC23,72968937,路博邁全球非投資等級債券基金 (本基金配息來源可能為本金),0,0.00%,0,0.00%,0,0.00%,76107548,1.20%,10147709,0.16%,0,0.00%,153123,0.00%,86408380,1.36%
AJ2,73667086,路博邁收益成長多重資產基金 (本基金得投資於非投資等級之高風險債券且配息來源可能為本金),135893,0.00%,0,0.00%,0,0.00%,31699036,0.96%,5691450,0.17%,0,0.00%,907968,0.03%,38434347,1.17%
AA2,75985868,路博邁5G股票基金,36551873,0.37%,27490896,0.28%,0,0.00%,132471591,1.33%,17883673,0.18%,0,0.00%,269863,0.00%,214667896,2.16%
AC21,76864027,路博邁優質企業債券基金 (本基金有一定比重得投資於非投資等級之高風險債券且配息來源可能為本金),0,0.00%,0,0.00%,0,0.00%,26562817,1.00%,3895904,0.15%,0,0.00%,117839,0.00%,30576560,1.15%
AC21,88105731,路博邁ESG新興市場債券基金 (本基金有相當比重投資於非投資等級之高風險債券且配息來源可能為本金),14243,0.00%,0,0.00%,0,0.00%,5835873,1.20%,842894,0.17%,0,0.00%,529733,0.11%,7222743,1.48%
AA2,88240434,路博邁顛覆式創新股票基金,33249,0.01%,6131,0.00%,0,0.00%,6024209,1.33%,843401,0.19%,0,0.00%,125064,0.03%,7032054,1.55%
AC21,88232547,路博邁全球策略收益債券基金 (本基金有一定比重得投資於非投資等級之高風險債券且配息來源可能為本金),99706,0.01%,0,0.00%,0,0.00%,11870734,1.00%,2057700,0.17%,0,0.00%,177839,0.01%,14205979,1.20%
AA2,574229,路博邁台日雙星股票基金 (本基金配息來源可能為本金),39579031,0.35%,44699940,0.39%,0,0.00%,137138146,1.20%,19808825,0.17%,0,0.00%,174746,0.00%,241400688,2.11%
